,gene,Cer,Acy,Sph,gene_Cer,gene_Acy,gene_Sph,Acy_Cer,Sph_Cer,Sph_Acy,gene_Acy_Cer,gene_Sph_Cer,gene_Sph_Acy,Cer_Acy_Sph,gene_Cer_Acy_Sph
logistic reg,0.99,0.9718181818181819,1.0,1.0,0.9500534759358288,0.9800000000000001,0.99,0.9809090909090908,0.9809090909090908,1.0,0.9618181818181817,0.9500534759358288,0.99,0.9809090909090908,0.9618181818181817
logistic reg-lasso,0.99,0.9809090909090908,1.0,1.0,0.9500534759358288,0.99,0.99,0.9809090909090908,0.9809090909090908,1.0,0.9618181818181817,0.9500534759358288,0.99,0.9809090909090908,0.9618181818181817
linear-kernel svm,0.99,0.7549197860962567,0.9627272727272727,1.0,0.7793582887700536,0.99,0.99,0.7234046345811052,0.7699643493761141,0.9382887700534759,0.7114795008912657,0.7755614973262033,0.9782352941176471,0.7529411764705882,0.7180926916221033
RBF-kernel svm,0.9549019607843137,0.990909090909091,0.9391978609625667,0.9536363636363637,0.9718181818181819,0.9473796791443849,0.9800000000000001,0.990909090909091,0.990909090909091,0.9791443850267381,0.990909090909091,0.9809090909090908,0.9473796791443849,0.990909090909091,0.9809090909090908
RBF-kernel GPR,0.9549019607843137,0.990909090909091,0.9782352941176471,0.9882352941176471,0.9500534759358288,0.9431372549019607,0.9549019607843137,0.990909090909091,0.990909090909091,0.9809090909090908,0.959144385026738,0.9500534759358288,0.9431372549019607,0.990909090909091,0.9682352941176472
matern-kernel GPR,0.9549019607843137,0.990909090909091,0.99,1.0,0.9782352941176471,0.9431372549019607,0.9549019607843137,1.0,1.0,1.0,0.9782352941176471,0.9782352941176471,0.9682352941176472,1.0,0.9782352941176471
