,gene,Cer,Acy,Sph,gene_Cer,gene_Acy,gene_Sph,Acy_Cer,Sph_Cer,Sph_Acy,gene_Acy_Cer,gene_Sph_Cer,gene_Sph_Acy,Cer_Acy_Sph,gene_Cer_Acy_Sph
logistic reg,0.9888888888888889,0.7398797505272132,0.9119396957867816,0.9584870103647866,0.7374642915900151,0.9058629096184623,0.9678362573099415,0.7570676478066437,0.7139962010738696,0.8086567655284845,0.7738741568328323,0.7789772812252285,0.8588654073376109,0.7807391453911847,0.7919190559519002
logistic reg-lasso,0.9888888888888889,0.7504060663166868,0.9119396957867816,0.9584870103647866,0.7777388911323493,0.9058629096184623,0.9678362573099415,0.7570676478066437,0.7455751484422907,0.8086567655284845,0.7844004726223059,0.7981992491886151,0.8588654073376109,0.770212829601711,0.8024453717413739
linear-kernel svm,0.9418300653594771,0.6704491407547001,0.8754610310943599,1.0,0.743602399006895,0.9207774337805297,0.9418300653594771,0.614029105158463,0.6371158074213668,0.7900883923363395,0.7075814002183635,0.752298051180808,0.8910291500276694,0.6605764197364682,0.7249727045661896
RBF-kernel svm,0.9201926384588923,0.9299845949058494,0.9826086956521738,0.9529411764705882,0.940510910695323,0.9801932367149758,0.95359477124183,0.9720823798627002,0.9714975845410627,0.9671826625386997,0.9720823798627002,0.9714975845410627,0.9783625730994153,0.9720823798627002,0.9826086956521738
RBF-kernel GPR,0.955486756105951,0.7446224256292906,1.0,1.0,0.8567505720823799,1.0,0.9888888888888889,0.5664393293549304,0.8111365369946606,1.0,0.6097755044046604,0.7900839054157132,1.0,0.658168439000314,0.750978896516654
matern-kernel GPR,0.955486756105951,0.8498855835240274,1.0,1.0,0.8480549199084668,1.0,0.9888888888888889,0.6506498556707199,0.8778032036613272,1.0,0.7702008644800407,0.8567505720823799,1.0,0.7392829900839054,0.7764810577167556
