,gene,Cer,Acy,Sph,gene_Cer,gene_Acy,gene_Sph,Acy_Cer,Sph_Cer,Sph_Acy,gene_Acy_Cer,gene_Sph_Cer,gene_Sph_Acy,Cer_Acy_Sph,gene_Cer_Acy_Sph
logistic reg,0.9688888888888888,0.97,1.0,1.0,0.9377777777777776,0.9788888888888889,0.9888888888888889,0.97,0.97,1.0,0.9388888888888889,0.9488888888888889,0.9788888888888889,0.97,0.9488888888888889
logistic reg-lasso,0.9688888888888888,0.9800000000000001,1.0,1.0,0.9488888888888889,0.9788888888888889,0.9888888888888889,0.97,0.9800000000000001,1.0,0.9488888888888889,0.9488888888888889,0.9788888888888889,0.97,0.9588888888888889
linear-kernel svm,0.9488888888888889,0.7705602240896359,0.95,1.0,0.7289915966386554,0.9488888888888889,0.9488888888888889,0.750578898225957,0.7259570494864611,0.8638095238095239,0.7428011204481793,0.7697665732959851,0.8866666666666665,0.7093090569561158,0.7601027077497665
RBF-kernel svm,0.9488888888888889,0.95,0.9593650793650793,0.9301587301587301,0.97,0.9382539682539683,0.9588888888888889,0.9782352941176471,0.97,0.9688888888888888,0.968888888888889,0.968888888888889,0.9482539682539681,0.9788888888888889,0.957777777777778
RBF-kernel GPR,0.9688888888888888,0.97,0.9677777777777777,0.9777777777777779,0.9588888888888889,0.9588888888888889,0.9588888888888889,0.99,0.9800000000000001,0.9677777777777777,0.9588888888888889,0.9588888888888889,0.9588888888888889,0.99,0.9688888888888888
matern-kernel GPR,0.9488888888888889,0.9800000000000001,0.9788888888888889,0.9888888888888889,0.9688888888888888,0.9588888888888889,0.9488888888888889,0.9800000000000001,0.9800000000000001,0.9677777777777777,0.9788888888888889,0.9688888888888888,0.9588888888888889,0.99,0.9788888888888889
