,gene,Cer,Acy,Sph,gene_Cer,gene_Acy,gene_Sph,Acy_Cer,Sph_Cer,Sph_Acy,gene_Acy_Cer,gene_Sph_Cer,gene_Sph_Acy,Cer_Acy_Sph,gene_Cer_Acy_Sph
logistic reg,0.9888888888888889,0.9684285308326229,1.0,1.0,0.9343728032784433,0.9653594771241829,0.9888888888888889,0.9684285308326229,0.9597328786587098,1.0,0.95359477124183,0.9343728032784433,0.977124183006536,0.9684285308326229,0.95359477124183
logistic reg-lasso,0.9888888888888889,0.9684285308326229,1.0,1.0,0.9343728032784433,0.9653594771241829,0.9888888888888889,0.9684285308326229,0.9684285308326229,1.0,0.9430684554523563,0.9343728032784433,0.977124183006536,0.9684285308326229,0.95359477124183
linear-kernel svm,0.9418300653594771,0.7286459969189811,0.9633867276887871,1.0,0.7515831351610056,0.9418300653594771,0.9418300653594771,0.6599303031662703,0.7515831351610056,0.903970924754341,0.7083008031587921,0.7398797505272132,0.9368495834642019,0.7070698912669569,0.7250459909364204
RBF-kernel svm,0.9201926384588923,0.9826086956521738,0.9807780320366131,0.9764705882352942,0.9708439897698209,0.9343728032784433,0.9430684554523563,0.9826086956521738,0.9826086956521738,0.9807780320366131,0.9913043478260869,0.9882352941176471,0.9579022150431491,0.9826086956521738,0.9913043478260869
RBF-kernel GPR,0.955486756105951,0.9913043478260869,1.0,0.9659442724458204,0.9461375091607962,0.9449604403164773,0.9665978672170622,0.9913043478260869,0.9913043478260869,1.0,0.9548331613347092,0.9548331613347092,0.9560715514275886,0.9913043478260869,0.9548331613347092
matern-kernel GPR,0.955486756105951,0.9913043478260869,1.0,0.9882352941176471,0.9777089783281735,0.9449604403164773,0.9665978672170622,0.9913043478260869,1.0,1.0,0.9777089783281735,0.9777089783281735,0.9560715514275886,0.9913043478260869,0.9777089783281735
