,gene,Cer,Acy,Sph,gene_Cer,gene_Acy,gene_Sph,Acy_Cer,Sph_Cer,Sph_Acy,gene_Acy_Cer,gene_Sph_Cer,gene_Sph_Acy,Cer_Acy_Sph,gene_Cer_Acy_Sph
logistic reg,0.9468181818181819,0.9803827751196172,1.0,1.0,0.9257655502392345,0.9809090909090908,0.9775,0.9698564593301435,0.9803827751196172,1.0,0.9382655502392344,0.9382655502392344,0.9809090909090908,0.9803827751196172,0.9382655502392344
logistic reg-lasso,0.9718181818181819,0.9803827751196172,1.0,1.0,0.9257655502392345,0.9809090909090908,0.9775,0.9803827751196172,0.9803827751196172,1.0,0.9382655502392344,0.9382655502392344,0.9809090909090908,0.9803827751196172,0.9382655502392344
linear-kernel svm,0.99,0.6870095693779904,0.9627272727272729,1.0,0.7545095693779904,0.99,0.99,0.7013157894736842,0.6950358851674642,0.9225837320574163,0.7348803827751196,0.7501794258373206,0.952200956937799,0.6438397129186603,0.7248803827751196
RBF-kernel svm,0.9362918660287083,0.9703827751196172,0.9340191387559809,0.9789473684210526,0.9803827751196172,0.9512918660287081,0.9559090909090908,1.0,0.9709090909090909,0.9431100478468901,0.9809090909090908,0.990909090909091,0.9512918660287081,1.0,0.9809090909090908
RBF-kernel GPR,0.9544736842105264,0.9803827751196172,0.9703827751196172,1.0,0.9362918660287083,0.9444736842105262,0.9544736842105264,0.990909090909091,1.0,0.9803827751196172,0.9453827751196172,0.9468181818181819,0.9444736842105262,1.0,0.9559090909090908
matern-kernel GPR,0.9544736842105264,1.0,0.9809090909090908,1.0,0.9684090909090909,0.9444736842105262,0.9544736842105264,1.0,1.0,0.990909090909091,0.9684090909090909,0.9684090909090909,0.9444736842105262,1.0,0.9775
