,gene,Cer,Acy,Sph,gene_Cer,gene_Acy,gene_Sph,Acy_Cer,Sph_Cer,Sph_Acy,gene_Acy_Cer,gene_Sph_Cer,gene_Sph_Acy,Cer_Acy_Sph,gene_Cer_Acy_Sph
logistic reg,0.9468181818181819,0.6961124401913876,0.8861363636363636,0.910622009569378,0.7744258373205742,0.86561004784689,0.9411363636363637,0.7407177033492822,0.7180741626794258,0.8379665071770335,0.7608612440191387,0.793133971291866,0.8244138755980861,0.7737320574162679,0.8109928229665073
logistic reg-lasso,0.9718181818181819,0.7376913875598087,0.88811004784689,0.910622009569378,0.7744258373205742,0.86561004784689,0.9411363636363637,0.7398086124401915,0.7180741626794258,0.8374401913875598,0.7517703349282298,0.803133971291866,0.8349401913875598,0.7828229665071771,0.8200837320574162
linear-kernel svm,0.99,0.653456937799043,0.8640311004784689,1.0,0.6775358851674641,0.8952392344497607,0.99,0.6429186602870812,0.6393779904306219,0.8484928229665071,0.7110885167464114,0.7232177033492823,0.8570574162679426,0.6932177033492823,0.7578947368421053
RBF-kernel svm,0.9362918660287083,0.9468301435406697,0.9875,0.968421052631579,0.9468301435406697,0.99,0.9445454545454546,0.9875,0.9769736842105263,0.9477272727272726,0.9875,0.9894736842105264,0.99,0.9875,0.9875
RBF-kernel GPR,0.9544736842105264,0.7715789473684211,1.0,0.9727272727272727,0.7921052631578948,1.0,0.9593181818181818,0.5546052631578947,0.8072368421052631,1.0,0.5742224880382775,0.8493421052631579,1.0,0.6455143540669857,0.6651315789473684
matern-kernel GPR,0.9544736842105264,0.9368421052631579,1.0,1.0,1.0,1.0,0.9718181818181819,0.6421052631578947,0.9578947368421054,1.0,0.8131578947368421,1.0,1.0,0.8421052631578947,0.8526315789473685
