,gene,Cer,Acy,Sph,gene_Cer,gene_Acy,gene_Sph,Acy_Cer,Sph_Cer,Sph_Acy,gene_Acy_Cer,gene_Sph_Cer,gene_Sph_Acy,Cer_Acy_Sph,gene_Cer_Acy_Sph
logistic reg,0.99,0.84126559714795,0.8386452762923351,0.886577540106952,0.8295008912655971,0.8685918003565062,0.9718181818181819,0.763547237076649,0.7895543672014261,0.7811229946524064,0.771729055258467,0.7868805704099822,0.8486452762923351,0.7536007130124778,0.8144028520499107
logistic reg-lasso,0.99,0.8312655971479501,0.8477361853832441,0.886577540106952,0.8295008912655971,0.8894474153297682,0.99,0.7677896613190731,0.8086452762923351,0.7811229946524064,0.7786452762923352,0.8086452762923351,0.8577361853832443,0.7726916221033868,0.835258467023173
linear-kernel svm,0.99,0.7035472370766489,0.8047058823529412,1.0,0.7175935828877005,0.8583422459893046,0.99,0.6170409982174687,0.6787522281639928,0.7265775401069519,0.6509803921568628,0.7635472370766487,0.8810160427807487,0.6901069518716578,0.7405169340463459
RBF-kernel svm,0.9549019607843137,0.9283422459893048,0.9254545454545454,0.9529411764705882,0.9427807486631016,0.9809090909090908,0.9338502673796792,0.9700534759358289,0.9700534759358289,0.9227807486631014,0.9727272727272727,0.9609625668449198,0.9618181818181817,0.9818181818181818,0.9818181818181818
RBF-kernel GPR,0.9549019607843137,0.7378787878787879,0.99,1.0,0.766969696969697,0.99,0.99,0.5362923351158646,0.680427807486631,1.0,0.5544741532976827,0.9176470588235294,1.0,0.5145276292335116,0.7554545454545454
matern-kernel GPR,0.9549019607843137,0.990909090909091,1.0,1.0,0.909090909090909,1.0,0.99,0.8363636363636363,0.990909090909091,1.0,0.8981818181818181,0.9363636363636363,1.0,0.8100000000000002,0.9272727272727274
