,gene,Cer,Acy,Sph,gene_Cer,gene_Acy,gene_Sph,Acy_Cer,Sph_Cer,Sph_Acy,gene_Acy_Cer,gene_Sph_Cer,gene_Sph_Acy,Cer_Acy_Sph,gene_Cer_Acy_Sph
logistic reg,0.9688888888888888,0.7673295985060691,0.8845658263305323,0.9180952380952381,0.7836788048552754,0.9253781512605042,0.9403174603174603,0.7373482726423902,0.7624649859943978,0.8294677871148458,0.7720915032679739,0.7899253034547151,0.8596265172735761,0.7752847805788983,0.7965732959850607
logistic reg-lasso,0.9688888888888888,0.7686181139122314,0.8940896358543418,0.9180952380952381,0.8294304388422035,0.9349019607843138,0.9403174603174603,0.757983193277311,0.7624649859943978,0.8505788982259569,0.8043137254901961,0.8016900093370681,0.8596265172735761,0.7886367880485528,0.8183380018674136
linear-kernel svm,0.9488888888888889,0.6512605042016807,0.8459943977591037,1.0,0.7031839402427638,0.8855555555555557,0.9488888888888889,0.6765359477124183,0.6534827264239029,0.7899626517273577,0.6804668534080298,0.7156022408963586,0.8838095238095238,0.7228851540616247,0.7104668534080298
RBF-kernel svm,0.9488888888888889,0.9387114845938376,0.9904761904761905,1.0,0.9604761904761905,0.9888888888888889,0.9588888888888889,0.9047058823529411,0.9504761904761905,0.9577777777777777,0.9047058823529411,0.9704761904761906,0.9888888888888889,0.9264705882352942,0.9364705882352942
RBF-kernel GPR,0.9688888888888888,0.7665172735760971,1.0,0.9714285714285715,0.8500280112044818,1.0,0.9788888888888889,0.5815966386554622,0.8503267973856209,1.0,0.6127077497665733,0.8744444444444444,1.0,0.7367973856209151,0.781437908496732
matern-kernel GPR,0.9488888888888889,0.99,1.0,1.0,0.9199999999999999,1.0,0.9888888888888889,0.7392156862745097,1.0,1.0,0.8458823529411765,1.0,1.0,0.746797385620915,0.8358823529411765
