,gene,Cer,Acy,Sph,gene_Cer,gene_Acy,gene_Sph,Acy_Cer,Sph_Cer,Sph_Acy,gene_Acy_Cer,gene_Sph_Cer,gene_Sph_Acy,Cer_Acy_Sph,gene_Cer_Acy_Sph
logistic reg,0.6436111111111111,0.5848168498168498,0.6172405372405372,0.5005982905982906,0.6268040293040292,0.675515873015873,0.6603998778998779,0.6227442002442003,0.5839713064713065,0.6152472527472528,0.6597405372405373,0.6247313797313797,0.6696611721611723,0.6172680097680098,0.657457264957265
logistic reg-lasso,0.6436111111111111,0.5966452991452991,0.6262881562881562,0.48403235653235643,0.6432967032967033,0.6783211233211233,0.6527442002442003,0.6287515262515263,0.5949786324786326,0.6193742368742369,0.6616208791208791,0.6407387057387057,0.6723687423687423,0.623495115995116,0.6554212454212454
linear-kernel svm,0.5511111111111111,0.6198473748473748,0.44670634920634916,0.4672557997557997,0.6292521367521368,0.6434645909645911,0.5432539682539683,0.6668284493284494,0.662008547008547,0.5118131868131868,0.6609981684981686,0.6459279609279609,0.6188431013431014,0.6842887667887668,0.6568284493284493
RBF-kernel svm,0.4170634920634921,0.5012789987789988,0.4699969474969475,0.5026892551892552,0.6363186813186814,0.5703815628815629,0.4572069597069596,0.46631257631257633,0.5791117216117216,0.5964621489621489,0.6035897435897436,0.6363003663003662,0.6243070818070818,0.4904456654456655,0.6332478632478632
RBF-kernel GPR,0.633452380952381,0.5212637362637362,0.6112362637362638,0.48628815628815625,0.6138431013431014,0.6508058608058608,0.6277350427350428,0.547032967032967,0.5213431013431014,0.5948687423687423,0.6204304029304029,0.6138522588522589,0.6464590964590965,0.5497313797313798,0.6212332112332112
matern-kernel GPR,0.6376587301587302,0.5273748473748474,0.6092429792429792,0.48628815628815625,0.6141880341880341,0.6530555555555557,0.6207387057387057,0.5481440781440782,0.5246764346764348,0.593986568986569,0.618058608058608,0.6102991452991453,0.640903540903541,0.5491758241758242,0.6185347985347984
