,gene,Cer,Acy,Sph,gene_Cer,gene_Acy,gene_Sph,Acy_Cer,Sph_Cer,Sph_Acy,gene_Acy_Cer,gene_Sph_Cer,gene_Sph_Acy,Cer_Acy_Sph,gene_Cer_Acy_Sph
logistic reg,0.6441653045657623,0.4870494379762114,0.5913067576969179,0.4707327264649919,0.5277101616918551,0.621380017770178,0.6208514807084602,0.5124199294222177,0.4769275194675652,0.5595793832407105,0.557327851401078,0.5312955884695014,0.5957375881174508,0.5025129294808929,0.5516241691184484
logistic reg-lasso,0.6441653045657623,0.4902067878726918,0.5971313945398613,0.4707327264649919,0.5470064374984284,0.6262628770923966,0.6191434061742986,0.5241322788576793,0.47828283082287654,0.5626056780747858,0.5713407263979347,0.5496062061508286,0.6075984694176915,0.5120429418026673,0.5594831979614588
linear-kernel svm,0.4844521420608377,0.42691792189503863,0.507746351665116,0.5071704763581194,0.4164600883479602,0.6492984342126219,0.4724230517765987,0.49239604026789385,0.45090192035272125,0.5046291313568202,0.4838010578285178,0.5252965188891963,0.5980703011709876,0.48974618821300736,0.48514107174290244
RBF-kernel svm,0.46766722408026756,0.38610099663875413,0.5941603381363108,0.5418032120434867,0.4059996982422612,0.49758855751418685,0.39973325873211457,0.4448135807746792,0.4774305328538738,0.6614416056864568,0.40572849347448886,0.5012838115355278,0.6583214306669684,0.501046051583809,0.5818001944660984
RBF-kernel GPR,0.6388334967854419,0.5554999538981231,0.5920875977569341,0.4609394933822852,0.560432896622828,0.6051453675996011,0.5699842834511026,0.47458537648469,0.5225098280819105,0.5746189470331345,0.4630785995088054,0.5447248975281013,0.603953319754235,0.5443028558017116,0.5648608142429653
matern-kernel GPR,0.6501008164223269,0.5636954426199278,0.5962981240727236,0.4615347314775232,0.5466991056235908,0.6180414455872123,0.5768261372494783,0.5623748334045817,0.5225098280819105,0.6055977317876631,0.5610870403433333,0.537063897201197,0.6171825047568754,0.5446285446056613,0.5597142940964451
