,gene,Cer,Acy,Sph,gene_Cer,gene_Acy,gene_Sph,Acy_Cer,Sph_Cer,Sph_Acy,gene_Acy_Cer,gene_Sph_Cer,gene_Sph_Acy,Cer_Acy_Sph,gene_Cer_Acy_Sph
logistic reg,0.6706497303865725,0.5042462216146427,0.6375803144224197,0.4949893673577884,0.5771967798283588,0.668861927546138,0.644493810283284,0.5371360218728639,0.47413230044808985,0.5971519708361813,0.5807420065314801,0.5472119693172325,0.6337381332118174,0.5088273714589504,0.5541755904913799
logistic reg-lasso,0.6706497303865725,0.49752107541581225,0.6387499050656945,0.4827671451355663,0.5785076327181591,0.6691714133819396,0.6487043365990735,0.5372651325282904,0.47499962026277814,0.6042036910457963,0.5996088706615023,0.5483375104427736,0.6393643198906357,0.5118098275993013,0.5697797524113314
linear-kernel svm,0.4886940836940837,0.5515007215007215,0.3696103896103896,0.4512466772993089,0.5107852965747701,0.6864786967418547,0.49485456064403427,0.499804815067973,0.5442469810890864,0.4034495329232171,0.4345272271588062,0.5282190324295588,0.6188547125389231,0.568020809599757,0.45952456899825317
RBF-kernel svm,0.46818181818181814,0.43004936583883957,0.5340867319814688,0.5031157439052176,0.43175286701602494,0.47278765094554565,0.444423938634465,0.423401686033265,0.5318751424014583,0.6676615781878941,0.4854234070023543,0.6601329080276448,0.658375484164958,0.3532513100934153,0.5201648059542797
RBF-kernel GPR,0.6618181818181817,0.5398853193590036,0.6065311004784689,0.483630667578036,0.5372074124705704,0.6278343586238323,0.6116966659071922,0.4959501025290499,0.5331259968102073,0.599915698336751,0.5143639401534138,0.5399924052555631,0.6134632034632034,0.48266309713678135,0.5256163135110503
matern-kernel GPR,0.6682520695678591,0.5249730386572492,0.6064433811802232,0.4639671147565885,0.5383185235816814,0.634057492215387,0.6178320802005012,0.5125290498974708,0.5275704412546518,0.6056003645477329,0.5432137161084529,0.5411035163666742,0.6220498215235057,0.550002278423331,0.5601313890787576
