,gene,Cer,Acy,Sph,gene_Cer,gene_Acy,gene_Sph,Acy_Cer,Sph_Cer,Sph_Acy,gene_Acy_Cer,gene_Sph_Cer,gene_Sph_Acy,Cer_Acy_Sph,gene_Cer_Acy_Sph
logistic reg,0.6706497303865725,0.5822677906888434,0.6176577808156756,0.6065785676311992,0.703266499582289,0.7033151059466849,0.7082835877572721,0.6052160704792284,0.5844900129110655,0.6283618136249716,0.709419002050581,0.703266499582289,0.7108468140047087,0.613929520771626,0.7178886610465558
logistic reg-lasso,0.6706497303865725,0.5739150907571962,0.6157522594364699,0.6004602415128731,0.7103083466241361,0.7058418774208247,0.7082129566340093,0.6089830637199058,0.582572339940761,0.631882737145895,0.7201693628009418,0.7101913875598086,0.7132566264145211,0.6168314726209464,0.7143677375256322
linear-kernel svm,0.5129433432065011,0.5465732513100934,0.4923961418698261,0.5301579706842865,0.7241968557758032,0.6868671679197996,0.493953823953824,0.6213150299992405,0.6570631123262702,0.5996308954203691,0.6901959444064707,0.7104982152350573,0.6750983519404572,0.6464980633401687,0.6897744360902256
RBF-kernel svm,0.48866028708133974,0.5081043517885624,0.4786777549935445,0.3725328472696893,0.6901967038809145,0.4611004784688995,0.38876053770790614,0.4948150679729627,0.412972582972583,0.5577618288144603,0.6593514088250931,0.6948188653451811,0.6567821067821068,0.44002202475886687,0.6644391281233386
RBF-kernel GPR,0.6618181818181817,0.5034404192298929,0.6045583656109972,0.5827895496316549,0.6675772765246449,0.6912561707298549,0.6832421964000911,0.5327872712083238,0.5059793422951318,0.6070388091440723,0.6743145743145743,0.6664661654135339,0.6903888509151667,0.52907875749981,0.6720923520923521
matern-kernel GPR,0.6682520695678591,0.5036280094174831,0.6038102832839675,0.5827895496316549,0.683717627401838,0.690332649806334,0.6841315409736463,0.5192519176729704,0.5048682311840207,0.6207473228525859,0.6914954051796157,0.6864319890635681,0.7061464266727425,0.5253702437912964,0.6921751348067138
