,gene,Cer,Acy,Sph,gene_Cer,gene_Acy,gene_Sph,Acy_Cer,Sph_Cer,Sph_Acy,gene_Acy_Cer,gene_Sph_Cer,gene_Sph_Acy,Cer_Acy_Sph,gene_Cer_Acy_Sph
logistic reg,0.6679442765248391,0.48296081014751097,0.5562649513033144,0.43916078948048265,0.5195099330904958,0.6384942778165285,0.6502755173215531,0.4796380686662016,0.4604009403497894,0.5225423028236327,0.5349066108656901,0.5032364566379911,0.6075468237360822,0.4745885969671136,0.5204205740267122
logistic reg-lasso,0.6679442765248391,0.4746288976723759,0.5569061458575525,0.43916078948048265,0.5190281329923273,0.6387270402232039,0.6522363016352786,0.4751742488826888,0.45804696582190185,0.5234216848794855,0.5387716035030614,0.5083200289338397,0.6059118034565605,0.47990286496680357,0.5136345552713839
linear-kernel svm,0.5281617969981142,0.5064775633573587,0.4254338784262058,0.512681417758144,0.5167612183213206,0.6111559327288228,0.5123034694773825,0.3891071843757266,0.5406946704900669,0.4534568188276628,0.5545643132088145,0.5373814875093648,0.5736988813970912,0.5029026841303056,0.41351158645276287
RBF-kernel svm,0.48499573742540497,0.4200875765325893,0.5769678886047173,0.5996660983233874,0.4459182619029166,0.5546031930558786,0.5874136505722183,0.4439065850319047,0.497668759203286,0.43713296649358035,0.5501449275362319,0.5793254798625643,0.599447156991914,0.5078671626753468,0.5452535586039422
RBF-kernel GPR,0.6636127257227,0.5590307163708699,0.5916777751943993,0.4240106951871658,0.5828864088454881,0.6144117647058824,0.599807667467514,0.4753158180268155,0.5623201322689814,0.566110981942184,0.5012544886202175,0.5760792063861118,0.5856415820610195,0.556077398021132,0.5559611459867215
matern-kernel GPR,0.6606658658193185,0.5644457361337156,0.5979667519181586,0.43326358211268695,0.5773848459014699,0.6083235164948719,0.6119304296158516,0.555729416931463,0.5634312433800924,0.5705861685912836,0.5570479733395335,0.5803503061303573,0.5973378284119973,0.554254824459428,0.5566087989873155
