,gene,Cer,Acy,Sph,gene_Cer,gene_Acy,gene_Sph,Acy_Cer,Sph_Cer,Sph_Acy,gene_Acy_Cer,gene_Sph_Cer,gene_Sph_Acy,Cer_Acy_Sph,gene_Cer_Acy_Sph
logistic reg,0.6441653045657623,0.5736514362830152,0.6152097635392829,0.5424084877746205,0.6453043981190435,0.6927555510850705,0.6578374028717278,0.590958835215128,0.5619559349879716,0.6181994702475251,0.6596272034601555,0.6443457305471035,0.693437984593591,0.5884664839355914,0.6564794092254047
logistic reg-lasso,0.6441653045657623,0.5659273602065364,0.6136395336166502,0.5265024601637874,0.6499284582694195,0.6937811921107115,0.6521506106403132,0.5935980419275614,0.5599041080963277,0.6185021500238891,0.6607198179394975,0.6445375562652451,0.695489266644873,0.5987127098683163,0.6623339284666516
linear-kernel svm,0.5635177827511924,0.6349427498512167,0.5770396308496996,0.44166750488260786,0.6650726733221012,0.6809673011961341,0.45251305521328405,0.7061678443600641,0.6471299905281599,0.5858308815517054,0.7070983478763799,0.6553593431739885,0.6686546634143888,0.6790698736808577,0.6877730697982415
RBF-kernel svm,0.5555900621118013,0.40038490876019484,0.4659621461680958,0.4734754109353651,0.6270243753195699,0.4894030226066839,0.42991948935884866,0.5172348932531998,0.41479769658259363,0.5755349075028708,0.49653921593280864,0.6072160753053202,0.7271130166553508,0.5252278690036127,0.6162869967561043
RBF-kernel GPR,0.6388334967854419,0.5098308480230677,0.6042479107467666,0.5332148934208429,0.6325973378261709,0.6791770395889388,0.6465284448579643,0.5425019069412662,0.5157600942154718,0.6107921559752223,0.6474951593029397,0.6333742801820605,0.6800243082622945,0.5386615786959036,0.6464965088306049
matern-kernel GPR,0.6501008164223269,0.5227359368320467,0.6077484681603675,0.5332148934208429,0.6427264649919113,0.681981626306569,0.6494501303425789,0.5179998910319277,0.5282848844519326,0.6082227307398931,0.6571331338379394,0.6469803270718604,0.6756860378370676,0.5266859875441111,0.6500611478529099
