,gene,Cer,Acy,Sph,gene_Cer,gene_Acy,gene_Sph,Acy_Cer,Sph_Cer,Sph_Acy,gene_Acy_Cer,gene_Sph_Cer,gene_Sph_Acy,Cer_Acy_Sph,gene_Cer_Acy_Sph
logistic reg,0.6679442765248391,0.5584861401741197,0.6395530755121548,0.5032248314345502,0.6731408716319203,0.7294174481386758,0.6626324627347645,0.5861375907411712,0.5435565372394017,0.6404399493657805,0.7031729055258467,0.6755705391511018,0.7319755095714175,0.5807414296416853,0.7007729468599033
logistic reg-lasso,0.6679442765248391,0.5584277558190601,0.6368268361362991,0.5070567568265778,0.6812201296856029,0.7316109948590768,0.6501958200935183,0.5947748585600248,0.553026169624635,0.6440114702007285,0.7100811180862332,0.6821578960965151,0.7301880699578909,0.6020509442248573,0.7087338861763415
linear-kernel svm,0.5412052752589838,0.6128941589811154,0.5064442377741611,0.5343049420031517,0.6664398460306389,0.7110372264847968,0.5407892221447208,0.6524472344932702,0.599735203699398,0.5187232943243174,0.6973378284119972,0.650153452685422,0.6803908651734739,0.6885039654860627,0.6887302694463819
RBF-kernel svm,0.5,0.5121540210287014,0.4837913663489111,0.5085117156216901,0.5433821591877858,0.45437340153452677,0.5789472732439485,0.5318065566147407,0.5133772507685552,0.6039817613474903,0.5597199617659976,0.6326575215066264,0.635403652897259,0.5336632307732052,0.6535790126327211
RBF-kernel GPR,0.6636127257227,0.5231977059598543,0.6306063189439148,0.4892221447208659,0.6535730708620735,0.7114764008370147,0.6380048567516597,0.5419830013691905,0.5217781394507737,0.6267612183213206,0.660685370327314,0.655634865276809,0.7108308145392543,0.546872045260792,0.6623366658916531
matern-kernel GPR,0.6606658658193185,0.5249851455733808,0.6223211656203984,0.48777286935854713,0.6698958898447389,0.7130277196517605,0.6577635691957943,0.542659329871606,0.5217781394507737,0.6210695187165776,0.6816897879046218,0.6713451652070578,0.71902890800589,0.5446498230385698,0.6762298173551371
