,gene,Cer,Acy,Sph,gene_Cer,gene_Acy,gene_Sph,Acy_Cer,Sph_Cer,Sph_Acy,gene_Acy_Cer,gene_Sph_Cer,gene_Sph_Acy,Cer_Acy_Sph,gene_Cer_Acy_Sph
logistic reg,0.6436111111111111,0.4933760683760684,0.5455967643467644,0.504751221001221,0.5400641025641025,0.5945909645909646,0.6142796092796093,0.5068101343101342,0.466978021978022,0.49363095238095234,0.5349175824175825,0.5139224664224664,0.5503571428571429,0.48381868131868133,0.5021794871794871
logistic reg-lasso,0.6436111111111111,0.4995940170940171,0.5441910866910867,0.504751221001221,0.5353998778998779,0.5895070207570208,0.6126129426129425,0.5100030525030526,0.4661141636141636,0.5018101343101343,0.5362240537240537,0.5061080586080586,0.5575793650793651,0.4856349206349206,0.5113431013431013
linear-kernel svm,0.5394444444444445,0.4687332112332112,0.4308470695970696,0.5790399877899878,0.46205433455433453,0.5767399267399268,0.4680647130647131,0.5075702075702075,0.5467704517704518,0.4083287545787545,0.4519383394383395,0.5261050061050061,0.5359279609279609,0.4503632478632479,0.504526862026862
RBF-kernel svm,0.5202380952380953,0.44624542124542127,0.5911553724053723,0.4521047008547009,0.5612576312576312,0.6115659340659342,0.5412393162393163,0.5598290598290598,0.5673778998778998,0.6210088522588523,0.356959706959707,0.6037912087912087,0.6018345543345544,0.4167124542124542,0.5437118437118438
RBF-kernel GPR,0.633452380952381,0.5576373626373626,0.5780616605616606,0.4652915140415141,0.49018620268620267,0.5865689865689866,0.5512637362637363,0.45972222222222225,0.4625579975579976,0.5621657509157509,0.4404945054945054,0.47774420024420017,0.6060866910866911,0.4998229548229548,0.5180952380952382
matern-kernel GPR,0.6376587301587302,0.48541514041514044,0.597330586080586,0.4734798534798535,0.47407509157509153,0.6028876678876679,0.5379884004884005,0.5044444444444445,0.49422466422466416,0.5795589133089132,0.5114468864468864,0.5004426129426129,0.5829212454212455,0.49871184371184374,0.5058730158730159
