,gene,TG,Cer,DG,gene_TG,gene_Cer,gene_DG,TG_Cer,TG_DG,DG_Cer,gene_TG_Cer,gene_TG_DG,gene_DG_Cer,TG_Cer_DG,gene_TG_Cer_DG
logistic reg,0.9,0.38611111111111107,0.41666666666666663,0.6138888888888889,0.4083333333333333,0.41666666666666663,0.6361111111111111,0.4638888888888889,0.4,0.4722222222222222,0.4638888888888889,0.4222222222222222,0.5194444444444445,0.43888888888888894,0.43888888888888894
logistic reg-lasso,0.9,0.4083333333333333,0.41666666666666663,0.5888888888888889,0.4083333333333333,0.40555555555555556,0.6694444444444444,0.45277777777777767,0.3666666666666666,0.5416666666666667,0.45277777777777767,0.3666666666666666,0.5416666666666667,0.43888888888888894,0.43888888888888894
linear-kernel svm,0.9,0.38888888888888884,0.47222222222222215,0.5277777777777777,0.4111111111111111,0.43888888888888894,0.525,0.41666666666666663,0.38888888888888884,0.43888888888888894,0.38333333333333336,0.38888888888888884,0.4611111111111111,0.4722222222222222,0.4305555555555555
RBF-kernel svm,0.9,0.5833333333333333,0.6722222222222222,0.5999999999999999,0.5833333333333333,0.65,0.5555555555555556,0.6277777777777777,0.5833333333333333,0.6472222222222221,0.65,0.5499999999999999,0.6694444444444445,0.5722222222222222,0.5722222222222222
RBF-kernel GPR,0.9,0.4805555555555555,0.45,0.48611111111111105,0.4805555555555555,0.42777777777777776,0.5305555555555556,0.38611111111111107,0.4999999999999999,0.3666666666666666,0.38611111111111107,0.4999999999999999,0.4416666666666666,0.4222222222222222,0.4222222222222222
matern-kernel GPR,0.9,0.513888888888889,0.4722222222222223,0.5527777777777778,0.513888888888889,0.4722222222222223,0.5305555555555556,0.5333333333333332,0.5027777777777778,0.4638888888888889,0.5333333333333332,0.5027777777777778,0.4638888888888889,0.5,0.5
