,gene,TG,Cer,DG,gene_TG,gene_Cer,gene_DG,TG_Cer,TG_DG,DG_Cer,gene_TG_Cer,gene_TG_DG,gene_DG_Cer,TG_Cer_DG,gene_TG_Cer_DG
logistic reg,0.9714285714285715,0.5440476190476191,0.5976190476190475,0.5567460317460318,0.5440476190476191,0.6261904761904761,0.5817460317460317,0.519047619047619,0.471031746031746,0.5246031746031745,0.519047619047619,0.4488095238095238,0.5468253968253969,0.5503968253968253,0.5503968253968253
logistic reg-lasso,0.9714285714285715,0.5440476190476191,0.5976190476190475,0.5567460317460317,0.5218253968253969,0.5753968253968254,0.5817460317460317,0.5218253968253969,0.47738095238095246,0.5468253968253969,0.5218253968253969,0.47738095238095246,0.5753968253968255,0.47738095238095235,0.47738095238095235
linear-kernel svm,0.9714285714285715,0.5662698412698413,0.5182539682539682,0.5817460317460318,0.5190476190476191,0.6261904761904761,0.5210317460317461,0.519047619047619,0.4996031746031747,0.5182539682539682,0.4809523809523809,0.5345238095238096,0.6039682539682539,0.4996031746031745,0.47738095238095235
RBF-kernel svm,0.9142857142857143,0.6646825396825398,0.7682539682539682,0.6646825396825398,0.6646825396825398,0.7682539682539682,0.6646825396825398,0.6103174603174603,0.6174603174603174,0.6638888888888888,0.6103174603174603,0.6174603174603174,0.6388888888888887,0.5345238095238095,0.5345238095238095
RBF-kernel GPR,0.9714285714285715,0.5345238095238095,0.471031746031746,0.4523809523809524,0.5345238095238095,0.471031746031746,0.5253968253968253,0.42658730158730157,0.588095238095238,0.4738095238095238,0.42658730158730157,0.588095238095238,0.5273809523809524,0.4515873015873016,0.4515873015873016
matern-kernel GPR,0.9714285714285715,0.5380952380952381,0.5496031746031745,0.4523809523809524,0.5380952380952381,0.5781746031746031,0.5503968253968253,0.530952380952381,0.5603174603174603,0.530952380952381,0.530952380952381,0.5603174603174603,0.5781746031746031,0.5023809523809524,0.530952380952381
