,gene,TG,Cer,DG,gene_TG,gene_Cer,gene_DG,TG_Cer,TG_DG,DG_Cer,gene_TG_Cer,gene_TG_DG,gene_DG_Cer,TG_Cer_DG,gene_TG_Cer_DG
logistic reg,0.78,0.41560439560439555,0.5358241758241759,0.5377289377289378,0.3956043956043956,0.5358241758241759,0.5377289377289378,0.42007326007326007,0.3973626373626374,0.5773626373626374,0.42007326007326007,0.3973626373626374,0.5773626373626374,0.3287912087912088,0.3287912087912088
logistic reg-lasso,0.78,0.42417582417582417,0.5358241758241759,0.5377289377289378,0.42417582417582417,0.5358241758241759,0.5377289377289378,0.538021978021978,0.3573626373626374,0.5619780219780219,0.538021978021978,0.3573626373626374,0.5619780219780219,0.44673992673992674,0.44673992673992674
linear-kernel svm,0.78,0.4356043956043957,0.5472527472527473,0.5865934065934066,0.47956043956043953,0.5026373626373626,0.6945054945054945,0.3954578754578755,0.4127472527472527,0.5112087912087913,0.3954578754578755,0.4281318681318681,0.5905494505494505,0.3441758241758242,0.3287912087912088
RBF-kernel svm,0.7514285714285714,0.4542857142857143,0.6336263736263736,0.6084981684981685,0.4542857142857143,0.609010989010989,0.5884981684981685,0.5496703296703298,0.5250549450549451,0.5936263736263736,0.5496703296703298,0.5250549450549451,0.5936263736263736,0.5496703296703298,0.5496703296703298
RBF-kernel GPR,0.78,0.5260805860805859,0.4313553113553114,0.44644688644688646,0.6081318681318681,0.4713553113553114,0.44644688644688646,0.5124542124542124,0.581978021978022,0.44234432234432236,0.5124542124542124,0.581978021978022,0.44234432234432236,0.5146520146520146,0.5146520146520146
matern-kernel GPR,0.78,0.5619780219780219,0.45377289377289376,0.44644688644688646,0.5619780219780219,0.45377289377289376,0.4864468864468865,0.5045421245421245,0.5665934065934066,0.426959706959707,0.5045421245421245,0.5665934065934066,0.426959706959707,0.4999267399267399,0.4999267399267399
