,gene,TG,Cer,DG,gene_TG,gene_Cer,gene_DG,TG_Cer,TG_DG,DG_Cer,gene_TG_Cer,gene_TG_DG,gene_DG_Cer,TG_Cer_DG,gene_TG_Cer_DG
logistic reg,0.9777777777777779,0.5006637806637807,0.3742279942279942,0.5263203463203463,0.5188455988455989,0.3742279942279942,0.5445021645021645,0.4613852813852814,0.5043867243867244,0.5622799422799423,0.4613852813852814,0.5043867243867244,0.5259163059163059,0.4320923520923521,0.4320923520923521
logistic reg-lasso,0.9777777777777779,0.46733044733044726,0.39240981240981243,0.5485425685425686,0.48551226551226545,0.39240981240981243,0.5445021645021645,0.5054256854256854,0.47105339105339106,0.5259163059163059,0.5054256854256854,0.47105339105339106,0.5440981240981241,0.4320923520923521,0.4320923520923521
linear-kernel svm,0.9777777777777779,0.4562193362193362,0.4105916305916306,0.49702741702741704,0.4744011544011544,0.39645021645021644,0.6296681096681096,0.46805194805194794,0.6066955266955267,0.504098124098124,0.46805194805194794,0.5559018759018759,0.5077344877344877,0.37653679653679656,0.37653679653679656
RBF-kernel svm,0.9373737373737374,0.6651948051948052,0.6369408369408369,0.5866955266955267,0.6247907647907648,0.6591630591630592,0.5466955266955267,0.5958152958152958,0.6096392496392495,0.648051948051948,0.5958152958152958,0.5874170274170274,0.648051948051948,0.613997113997114,0.613997113997114
RBF-kernel GPR,0.9595959595959596,0.4676479076479077,0.46271284271284274,0.52995670995671,0.4898701298701299,0.5027128427128427,0.52995670995671,0.4131890331890332,0.56995670995671,0.4182683982683983,0.4131890331890332,0.56995670995671,0.4364502164502165,0.4091486291486291,0.4091486291486291
matern-kernel GPR,0.9777777777777779,0.5113708513708514,0.5942279942279942,0.46733044733044726,0.5113708513708514,0.5942279942279942,0.5117748917748918,0.4202597402597402,0.5914574314574315,0.5390764790764792,0.4202597402597402,0.5914574314574315,0.5390764790764792,0.4384415584415585,0.4384415584415585
