,gene,Cer,Acy,Sph,gene_Cer,gene_Acy,gene_Sph,Acy_Cer,Sph_Cer,Sph_Acy,gene_Acy_Cer,gene_Sph_Cer,gene_Sph_Acy,Cer_Acy_Sph,gene_Cer_Acy_Sph
logistic reg,0.6513296833885068,0.6572532043120278,0.5462719633307869,0.5834496222731517,0.6991367456073337,0.6641575418046006,0.6791995586113233,0.6720634920634921,0.6418809948221713,0.5629131652661065,0.7034165181224005,0.699781003310415,0.6866479925303454,0.6612545624310331,0.7085527544351075
logistic reg-lasso,0.6393816314404549,0.6608318478906715,0.550384517443341,0.5722723028605381,0.696739665563195,0.6649511925982514,0.6734878193701723,0.6699728376198965,0.641897971309736,0.5547338935574229,0.7058993294287412,0.7019302266361089,0.6745726169255581,0.6508674985145573,0.701653509888804
linear-kernel svm,0.559503862150921,0.4850377726848315,0.4350241914947798,0.5862176385705797,0.6323138952550718,0.5416051268992446,0.5594261947203123,0.4805050505050505,0.48600288600288594,0.5743553178847296,0.5650403191579663,0.6144953739071386,0.6487377981495628,0.4899023851965028,0.6061777438248026
RBF-kernel svm,0.6659201256260079,0.5380358203887616,0.48411085646379765,0.5327798998387234,0.7320414226296579,0.7112375859434683,0.6488727612257024,0.505161701044054,0.5346091163738222,0.40737288854935916,0.7246362787539258,0.7389712248535778,0.6723919870978694,0.5208029878618115,0.738943213649096
RBF-kernel GPR,0.6597207367795603,0.6700169764875648,0.5018249724132076,0.531740089975384,0.7446923011628893,0.6926075884899415,0.6906705712588066,0.6657355063237416,0.6688201341142518,0.5314633732280791,0.7515592903828197,0.7456455309396486,0.6861403955521602,0.6657626687038452,0.7487182751888634
matern-kernel GPR,0.7103412274000508,0.6704804345980817,0.5069713946184534,0.5255114166878873,0.7428902470078942,0.6999482217129277,0.6823902894491128,0.6608165690518631,0.6681572022748494,0.5290408284525931,0.7488057040998217,0.7454859519565402,0.697739580680757,0.6649545878957643,0.7489635854341736
