,gene,Cer,Acy,Sph,gene_Cer,gene_Acy,gene_Sph,Acy_Cer,Sph_Cer,Sph_Acy,gene_Acy_Cer,gene_Sph_Cer,gene_Sph_Acy,Cer_Acy_Sph,gene_Cer_Acy_Sph
logistic reg,0.5093596973202237,0.5606919104287525,0.5410070485070484,0.6106560033533718,0.6143752738489581,0.5454477686056632,0.6667657269630954,0.56507894152631,0.5865742590742592,0.5910433791354843,0.5969089244089243,0.6469843314580157,0.6072868432736853,0.604429853771959,0.6317829977040503
logistic reg-lasso,0.5070205160336739,0.5585706544917071,0.5261152297994404,0.6106560033533718,0.6172423336897022,0.5463989665305455,0.6628802118933699,0.5619156428366955,0.5903837390679495,0.5932071218255429,0.6028275087485614,0.6439501434238276,0.6055821590690013,0.5956648906648906,0.6333399203136045
linear-kernel svm,0.6181088429114746,0.45948937027884396,0.48363101810470227,0.5600206883759515,0.6806273551010393,0.5479365225417857,0.5875976143739301,0.4827100238942344,0.479346910399542,0.4583304195804196,0.6168232352442878,0.6947193595877806,0.5757601243785454,0.4922099099730679,0.5965621659042711
RBF-kernel svm,0.5096588426193689,0.6422935982146509,0.47436585344480076,0.5377329687856004,0.6894007600586548,0.573522997470366,0.6357259042127463,0.6134226738174107,0.63247890997891,0.47344146350725297,0.5951053186579502,0.6873995887153782,0.5095409050014312,0.527655721471511,0.6750273556852504
RBF-kernel GPR,0.5801711008289956,0.4720659895659895,0.555753982859246,0.6054749417249418,0.5118905509694984,0.56083994952416,0.6294519150440203,0.47352181444286706,0.5747657021341233,0.5796899518610046,0.45035899772741883,0.570730614414825,0.595283802454855,0.5083817936449515,0.5008107535739115
matern-kernel GPR,0.5981487664382401,0.5929211577895789,0.5560927084611296,0.580030159898581,0.6359947070473387,0.5584650291229238,0.6254023973102921,0.5130087894561579,0.6332562612825771,0.5802333558254611,0.5805234969708655,0.6383765941660678,0.5950287066734435,0.5779914529914529,0.6283514438777597
