,gene,Cer,Acy,Sph,gene_Cer,gene_Acy,gene_Sph,Acy_Cer,Sph_Cer,Sph_Acy,gene_Acy_Cer,gene_Sph_Cer,gene_Sph_Acy,Cer_Acy_Sph,gene_Cer_Acy_Sph
logistic reg,0.6083660130718954,0.6219654528478058,0.574154995331466,0.5902521008403362,0.6915592903828198,0.6672502334267041,0.6387254901960784,0.619953314659197,0.6291503267973856,0.5949439775910366,0.6941456582633053,0.7039775910364146,0.6737955182072829,0.615859010270775,0.7045238095238096
logistic reg-lasso,0.6083660130718954,0.616984126984127,0.5676190476190477,0.5661858076563959,0.7007936507936507,0.6638375350140056,0.6328291316526611,0.617390289449113,0.6290336134453781,0.5834873949579832,0.7049393090569561,0.7088702147525676,0.6680018674136321,0.6226050420168067,0.7075116713352008
linear-kernel svm,0.5831045751633986,0.5135340802987861,0.5726797385620915,0.5464285714285715,0.670079365079365,0.5931839402427637,0.6306956115779645,0.5082633053221288,0.546610644257703,0.4101540616246499,0.6060084033613446,0.6727824463118581,0.6309243697478991,0.5057609710550887,0.6445704948646126
RBF-kernel svm,0.6039215686274509,0.6545891690009337,0.5337721755368814,0.5146591970121381,0.7343697478991597,0.6623249299719888,0.6438095238095238,0.626984126984127,0.6369047619047619,0.46277777777777784,0.7197432306255835,0.7371802054154994,0.6753314659197013,0.6146451914098973,0.7238328664799253
RBF-kernel GPR,0.6690522875816993,0.6514565826330532,0.5715406162464987,0.5810737628384687,0.7398412698412699,0.660873015873016,0.6868487394957983,0.642749766573296,0.6639775910364145,0.5944584500466854,0.7409243697478992,0.7476283846872083,0.6795985060690943,0.654659197012138,0.739453781512605
matern-kernel GPR,0.6661858076563959,0.6488141923436042,0.57093837535014,0.5812324929971988,0.7420634920634921,0.665452847805789,0.6766573295985061,0.6475723622782447,0.661545284780579,0.5897245564892625,0.7388328664799253,0.7504901960784314,0.6767647058823529,0.6553501400560224,0.740564892623716
