,gene,Cer,Acy,Sph,gene_Cer,gene_Acy,gene_Sph,Acy_Cer,Sph_Cer,Sph_Acy,gene_Acy_Cer,gene_Sph_Cer,gene_Sph_Acy,Cer_Acy_Sph,gene_Cer_Acy_Sph
logistic reg,0.5093596973202237,0.5854595258542628,0.5940254628412523,0.5693887983361667,0.6258082998872473,0.5377647060541797,0.5699256007150744,0.5877368245789298,0.5911606230027283,0.6203856085435033,0.6214396714396715,0.6465244842876422,0.5778153717627401,0.6063466212150423,0.6478436475804897
logistic reg-lasso,0.5070205160336739,0.5860978349136243,0.5886453458821881,0.5604034123770967,0.6448317033843349,0.5311891325049221,0.5676448989606884,0.5875667899352109,0.5939161277319172,0.6027641510536247,0.6270156889893732,0.6491886768202557,0.5733572129624761,0.5958627921785816,0.6472914658440974
linear-kernel svm,0.6181088429114746,0.48280674004358215,0.5773818286976182,0.5161139445349973,0.6036653405074459,0.5736997213313003,0.6772730924046714,0.434085797243692,0.4884846586162375,0.5098349311507206,0.5435359815622973,0.6343820214872846,0.60098451256346,0.5025487086013402,0.5975641025641025
RBF-kernel svm,0.5096588426193689,0.6261464996991313,0.48453540611435353,0.46554552172973224,0.697011935432988,0.6684636124109808,0.6364148278621962,0.6082636953689585,0.6022020961494646,0.5032715968242284,0.6827085341559026,0.7096496339917393,0.6478945907893277,0.6181789409420988,0.6933403730772152
RBF-kernel GPR,0.5801711008289956,0.6684475320001636,0.57900993743099,0.5854394289920605,0.6935731373889269,0.6312454504559768,0.6237236739868318,0.6672223682749998,0.6708125792336318,0.6272273048588838,0.7052645746066799,0.7031365710313079,0.6553984319773793,0.6720406494090704,0.7195974639395691
matern-kernel GPR,0.5981487664382401,0.655518151439204,0.5801264524948735,0.5805201815728132,0.6856639705323916,0.6484359646201752,0.6252099654731234,0.6573773448773448,0.6618856728067254,0.622607421817948,0.7037114931851776,0.6955441050177893,0.670895946159104,0.6679538297959351,0.7143154068154068
