,gene,Cer,Acy,Sph,gene_Cer,gene_Acy,gene_Sph,Acy_Cer,Sph_Cer,Sph_Acy,gene_Acy_Cer,gene_Sph_Cer,gene_Sph_Acy,Cer_Acy_Sph,gene_Cer_Acy_Sph
logistic reg,0.6083660130718954,0.5596498599439776,0.5561484593837536,0.6227077497665732,0.6624416433239962,0.6380835667600373,0.7199159663865546,0.5924509803921569,0.6189309056956116,0.6058543417366946,0.6605322128851541,0.7112511671335202,0.6785807656395891,0.6452987861811391,0.7056535947712419
logistic reg-lasso,0.6083660130718954,0.5665032679738562,0.5486321195144723,0.6227077497665732,0.6707563025210084,0.6387745098039216,0.7193207282913165,0.5992483660130719,0.6228244631185808,0.6114098972922501,0.660765639589169,0.716545284780579,0.6792670401493931,0.6399346405228759,0.6964472455648927
linear-kernel svm,0.5831045751633986,0.5468720821661999,0.4424743230625584,0.5139122315592904,0.6741690009337067,0.599670868347339,0.5833660130718954,0.487250233426704,0.5141690009337069,0.4101307189542484,0.6652287581699347,0.6939589169000933,0.6464332399626518,0.6094491129785248,0.7177684407096171
RBF-kernel svm,0.6039215686274509,0.5407329598506069,0.5452987861811391,0.48434173669467784,0.7000420168067226,0.5784943977591037,0.6622642390289448,0.5657002801120449,0.6268347338935574,0.47579365079365077,0.6385807656395892,0.6989495798319328,0.5951213818860879,0.5800373482726424,0.6477310924369748
RBF-kernel GPR,0.6690522875816993,0.43973389355742293,0.565406162464986,0.6154458450046685,0.5201680672268908,0.5609593837535013,0.6954831932773109,0.4563818860877684,0.5793043884220356,0.5914752567693744,0.448734827264239,0.5302380952380952,0.6220074696545285,0.546484593837535,0.5367973856209151
matern-kernel GPR,0.6661858076563959,0.5920728291316527,0.5637394957983194,0.6145448179271709,0.5642997198879552,0.5687885154061625,0.6903524743230626,0.5305835667600374,0.5891923436041083,0.5881932773109244,0.5764565826330532,0.605014005602241,0.6122642390289449,0.5263352007469655,0.5750700280112044
