,gene,Cer,Acy,Sph,gene_Cer,gene_Acy,gene_Sph,Acy_Cer,Sph_Cer,Sph_Acy,gene_Acy_Cer,gene_Sph_Cer,gene_Sph_Acy,Cer_Acy_Sph,gene_Cer_Acy_Sph
logistic reg,0.5917830886601918,0.581293327677094,0.5667721364948448,0.6091294490197438,0.6709709424300889,0.6496441667992349,0.6822453230650835,0.5667954140951853,0.6371696164770603,0.6052899774430263,0.6152398666976672,0.7098657322994381,0.6738273228992033,0.6206327101952355,0.6667101762000134
logistic reg-lasso,0.5917830886601918,0.5886065188158336,0.5654252716966406,0.6044510864466444,0.668499696113103,0.6501279520198621,0.6951348999484683,0.5713845549314657,0.6397566797331233,0.6038833278266581,0.6264320958950116,0.7118762534484704,0.6745875432206029,0.615876587928008,0.6670939982677767
linear-kernel svm,0.6157457601999263,0.49332175571844433,0.5006414392953631,0.48311784557106946,0.7095513623242793,0.6343645568622012,0.656599988306813,0.4855357179276954,0.5839052321573522,0.5641124599066448,0.6204333821455911,0.7410342623978375,0.5801543840613703,0.5676784536711847,0.6700837150615048
RBF-kernel svm,0.6319472691649296,0.5266922625093307,0.5093388590440684,0.44064832603868814,0.7009969121828054,0.6025915977652416,0.6169699417108221,0.4975546826455428,0.6452339181286549,0.4004345174724769,0.586995571545309,0.7018716169638232,0.583159519545978,0.551539544047284,0.6368054484813134
RBF-kernel GPR,0.6722485590866262,0.5238945179347656,0.5551249811345382,0.5693926545030328,0.5464327485380116,0.5907936274849723,0.655672942916852,0.4897012458682939,0.5886997651844872,0.5839420656966761,0.47162727014389416,0.5609184726522187,0.5906094597883533,0.5073434574578739,0.5570163609442111
matern-kernel GPR,0.674447156991914,0.5398471795624845,0.562422379672346,0.5670609310224333,0.5474070221667475,0.5861471628385075,0.6579474377643714,0.4745888824984261,0.5519027466752598,0.5829049683808063,0.5279285926977406,0.5516490249105676,0.587722758613188,0.5186618778986527,0.5086529992345041
