,gene,Cer,Acy,Sph,gene_Cer,gene_Acy,gene_Sph,Acy_Cer,Sph_Cer,Sph_Acy,gene_Acy_Cer,gene_Sph_Cer,gene_Sph_Acy,Cer_Acy_Sph,gene_Cer_Acy_Sph
logistic reg,0.6513296833885068,0.596247347423818,0.5424560733384263,0.5787768440709617,0.6751922587216705,0.6215524997877939,0.6841677276971394,0.5532195908666497,0.5972268907563025,0.5687721755368814,0.6271598336304218,0.6694406247347424,0.6451629742806213,0.5839105339105339,0.6432263814616757
logistic reg-lasso,0.6393816314404549,0.6022672099142687,0.5441380188439011,0.5787768440709617,0.6759010270774977,0.6220728291316527,0.6871980307274425,0.5620668873610051,0.599982174688057,0.5651807995925642,0.6158509464391818,0.6907079195314489,0.6488731856378914,0.5844155844155845,0.647832102537985
linear-kernel svm,0.559503862150921,0.4284203378321026,0.49508403361344533,0.48027459468635947,0.6461098378745437,0.603979288685171,0.6585035226211697,0.44086919616331377,0.4981826670061963,0.522854171971819,0.6115584415584415,0.6874722010016127,0.6165015703250998,0.5174348527289704,0.6327892369068839
RBF-kernel svm,0.6659201256260079,0.6293285799168153,0.5315894236482471,0.5317587641117052,0.6915143026907732,0.5254698242933538,0.5383566760037348,0.36458534929123165,0.5991673032849504,0.5837963670316612,0.4882972582972583,0.6728673287496818,0.46949792038027327,0.5233715304303539,0.47658772599949073
RBF-kernel GPR,0.6597207367795603,0.523213649096002,0.5258725914608267,0.5887186996010525,0.5358433070197777,0.5498361768950005,0.6612337662337662,0.42076776165011454,0.5383863848569731,0.5288519650284356,0.3417205670146847,0.5314285714285714,0.5707881334351923,0.4049817502758679,0.5131720567014686
matern-kernel GPR,0.7103412274000508,0.5827714115949411,0.5257932263814616,0.584036159918513,0.57995670995671,0.5541617859264918,0.6254108309990662,0.5511841100076394,0.5925074272133096,0.5228851540616246,0.5167260843731432,0.5824497071555894,0.5562282488753076,0.4897682709447416,0.5706926406926407
