,gene,Cer,Acy,Sph,gene_Cer,gene_Acy,gene_Sph,Acy_Cer,Sph_Cer,Sph_Acy,gene_Acy_Cer,gene_Sph_Cer,gene_Sph_Acy,Cer_Acy_Sph,gene_Cer_Acy_Sph
logistic reg,0.5917830886601918,0.6411761306700061,0.5734798516868782,0.5585785027553771,0.6968859003278172,0.6662248137588022,0.6373200031000543,0.6343512116725202,0.6518950033379971,0.5879951214935735,0.712737171146109,0.7017759911675647,0.6764509409616424,0.6479258869486356,0.7044850986646651
logistic reg-lasso,0.5917830886601918,0.6504488416266583,0.5766081327475863,0.5503605172739645,0.7184979013448525,0.6619674739044776,0.6308965275313372,0.6410178783391867,0.6528146181154661,0.5787764983255628,0.718945492072427,0.7050061253264915,0.661957480308537,0.6439747046450506,0.7170304743490906
linear-kernel svm,0.6329227936927493,0.5372446092368021,0.5547514313956634,0.5211398953867656,0.6237468778510642,0.5641730401334655,0.5233390847497725,0.5091403332014451,0.5368922907905274,0.5020907826413279,0.6112524083206545,0.5885027689738955,0.6233969388323944,0.46365681311703655,0.6154382429762697
RBF-kernel svm,0.6319472691649296,0.6783248693694245,0.4768582445806836,0.49925604136668883,0.7341196865681991,0.6343364320279115,0.6416816026736608,0.5307606282232745,0.6579577304883537,0.52810324268394,0.7001688441828434,0.747651559340885,0.6297330146260015,0.5167445079411697,0.7104182081958363
RBF-kernel GPR,0.6722485590866262,0.6763446281362555,0.5620525350421701,0.5702424160843869,0.7411819228766328,0.6661538660259889,0.6481910639576544,0.6736842513165032,0.6780883814589563,0.5878817247722887,0.7454318389168302,0.7376847081666034,0.6536817087281483,0.6791731013187468,0.7431883514101847
matern-kernel GPR,0.674447156991914,0.6788169214013877,0.5671734031661343,0.5719498933336598,0.7365482799457764,0.6667619933348833,0.6391026158747252,0.6777767716198191,0.6762735308394212,0.5881317006380946,0.7431095447679106,0.7299206902787466,0.659656329073478,0.6824798530465511,0.7461166109880606
