,gene,TG,Cer,DG,gene_TG,gene_Cer,gene_DG,TG_Cer,TG_DG,DG_Cer,gene_TG_Cer,gene_TG_DG,gene_DG_Cer,TG_Cer_DG,gene_TG_Cer_DG
logistic reg,0.6928571428571428,0.3992857142857143,0.6433333333333333,0.495,0.3992857142857143,0.6433333333333333,0.5199999999999999,0.5247619047619047,0.47285714285714286,0.6833333333333333,0.5247619047619047,0.47285714285714286,0.6649999999999999,0.5485714285714285,0.5485714285714285
logistic reg-lasso,0.6928571428571428,0.4135714285714286,0.6647619047619047,0.4866666666666667,0.4135714285714286,0.6647619047619047,0.5012698412698413,0.5542857142857143,0.4585714285714285,0.6649999999999999,0.5542857142857143,0.4585714285714285,0.6578571428571428,0.5847619047619046,0.5847619047619046
linear-kernel svm,0.6928571428571428,0.4526190476190476,0.6104761904761904,0.4902164502164502,0.4514285714285714,0.625,0.4228354978354979,0.5116666666666666,0.43690476190476196,0.5944155844155844,0.545952380952381,0.43690476190476196,0.6054761904761905,0.5335714285714286,0.4935714285714286
RBF-kernel svm,0.6928571428571428,0.506031746031746,0.5794871794871794,0.5650793650793651,0.5278571428571428,0.5794871794871794,0.5682178932178932,0.5171428571428571,0.5270995670995671,0.6378998778998779,0.5080519480519481,0.5270995670995671,0.6144871794871796,0.5904761904761904,0.5904761904761904
RBF-kernel GPR,0.6928571428571428,0.36428571428571427,0.5176190476190475,0.5291208791208791,0.36428571428571427,0.530952380952381,0.5291208791208791,0.42928571428571427,0.42813852813852804,0.6188095238095237,0.43398268398268397,0.42813852813852804,0.6188095238095237,0.43686868686868685,0.4261544011544012
matern-kernel GPR,0.6928571428571428,0.3638888888888889,0.5345238095238095,0.5380952380952382,0.35,0.5271062271062271,0.5380952380952382,0.39,0.4111111111111111,0.632142857142857,0.39,0.4111111111111111,0.632142857142857,0.45472582972582976,0.44520202020202015
