,gene,TG,Cer,DG,gene_TG,gene_Cer,gene_DG,TG_Cer,TG_DG,DG_Cer,gene_TG_Cer,gene_TG_DG,gene_DG_Cer,TG_Cer_DG,gene_TG_Cer_DG
logistic reg,0.7428571428571429,0.4636363636363637,0.6582251082251083,0.6116666666666667,0.45606060606060606,0.6582251082251083,0.625,0.4872727272727273,0.5464935064935066,0.663888888888889,0.4872727272727273,0.5464935064935066,0.663888888888889,0.530952380952381,0.530952380952381
logistic reg-lasso,0.7428571428571429,0.4480952380952381,0.6487012987012987,0.625952380952381,0.4147619047619048,0.6487012987012987,0.6392857142857143,0.553939393939394,0.5731601731601732,0.6772222222222222,0.5272727272727273,0.5822510822510824,0.6772222222222222,0.600952380952381,0.600952380952381
linear-kernel svm,0.7428571428571429,0.4827272727272727,0.5845238095238096,0.5116233766233766,0.5282828282828284,0.5961904761904762,0.5188034188034188,0.5606060606060606,0.5449494949494949,0.660952380952381,0.5533333333333333,0.4544733044733045,0.6669841269841269,0.59,0.6233333333333333
RBF-kernel svm,0.7428571428571429,0.5087662337662338,0.5517094017094017,0.5678787878787878,0.5087662337662338,0.5911538461538461,0.6042857142857143,0.5896825396825397,0.5278571428571428,0.6288888888888888,0.5896825396825397,0.5278571428571428,0.6333333333333333,0.5785714285714286,0.5785714285714286
RBF-kernel GPR,0.6428571428571429,0.42444444444444446,0.5645376845376846,0.5444444444444445,0.42444444444444446,0.5683838383838384,0.5444444444444445,0.4109307359307359,0.48285714285714293,0.5776623376623377,0.4014069264069263,0.48285714285714293,0.5776623376623377,0.4359523809523809,0.4359523809523809
matern-kernel GPR,0.6428571428571429,0.40606060606060607,0.573968253968254,0.36,0.40606060606060607,0.573968253968254,0.5792857142857143,0.4173809523809524,0.4723809523809523,0.5876623376623377,0.4245238095238095,0.439047619047619,0.5876623376623377,0.46865079365079365,0.46865079365079365
