,gene,TG,Cer,DG,gene_TG,gene_Cer,gene_DG,TG_Cer,TG_DG,DG_Cer,gene_TG_Cer,gene_TG_DG,gene_DG_Cer,TG_Cer_DG,gene_TG_Cer_DG
logistic reg,0.5857142857142856,0.5079365079365079,0.6503968253968255,0.5942857142857143,0.49460317460317454,0.6503968253968255,0.5961904761904762,0.5764285714285713,0.52,0.6456349206349208,0.5764285714285713,0.5488888888888889,0.6646825396825398,0.6425396825396825,0.6425396825396825
logistic reg-lasso,0.5857142857142856,0.46507936507936504,0.6503968253968255,0.5842857142857143,0.47619047619047616,0.6408730158730159,0.6049999999999999,0.5825396825396825,0.5122655122655122,0.6837301587301586,0.5825396825396825,0.5122655122655122,0.6837301587301586,0.6592063492063491,0.6292063492063491
linear-kernel svm,0.7,0.48888888888888893,0.6476190476190476,0.6003968253968253,0.5079365079365079,0.6416666666666666,0.5742857142857142,0.5877777777777778,0.5428571428571429,0.6125396825396825,0.5625396825396825,0.5374603174603174,0.6228571428571429,0.615,0.6403968253968253
RBF-kernel svm,0.7,0.3757142857142857,0.5908369408369408,0.5653968253968255,0.35904761904761906,0.5998112998112999,0.6072727272727272,0.3815934065934066,0.39904761904761904,0.626984126984127,0.3815934065934066,0.35904761904761906,0.629004329004329,0.4208791208791209,0.4208791208791209
RBF-kernel GPR,0.48571428571428565,0.4222222222222222,0.5936507936507937,0.5537301587301589,0.4222222222222222,0.5774891774891775,0.525,0.4642135642135642,0.4888888888888888,0.6424242424242425,0.45532467532467524,0.475,0.6202020202020202,0.5134920634920636,0.5059163059163059
matern-kernel GPR,0.5857142857142856,0.39682539682539686,0.5318181818181819,0.5542857142857143,0.39682539682539686,0.5227272727272727,0.5088888888888888,0.4662337662337662,0.4206349206349206,0.5908369408369408,0.47714285714285715,0.4206349206349206,0.6368686868686869,0.5134920634920636,0.5134920634920636
