,gene,TG,Cer,DG,gene_TG,gene_Cer,gene_DG,TG_Cer,TG_DG,DG_Cer,gene_TG_Cer,gene_TG_DG,gene_DG_Cer,TG_Cer_DG,gene_TG_Cer_DG
logistic reg,0.7380952380952381,0.5105844155844156,0.625,0.6145238095238096,0.5105844155844156,0.6011904761904762,0.5827777777777778,0.5826190476190476,0.5297619047619048,0.6669841269841269,0.5874170274170274,0.5497619047619048,0.6603174603174603,0.5733333333333333,0.5733333333333333
logistic reg-lasso,0.7380952380952381,0.5416666666666667,0.6107142857142858,0.5477272727272727,0.5416666666666667,0.6107142857142858,0.5916666666666667,0.5682539682539682,0.525,0.6603174603174603,0.5682539682539682,0.525,0.6603174603174603,0.5594444444444445,0.5594444444444445
linear-kernel svm,0.7,0.4998701298701299,0.5809523809523809,0.6088888888888889,0.507012987012987,0.5743145743145743,0.5603968253968254,0.5261904761904762,0.5583333333333333,0.6764285714285714,0.5238095238095238,0.5416666666666666,0.638095238095238,0.5457431457431458,0.5419047619047619
RBF-kernel svm,0.7333333333333333,0.4783549783549783,0.5504473304473304,0.5641269841269841,0.49264069264069266,0.5524675324675324,0.5574603174603174,0.5435897435897437,0.5116883116883116,0.5677344877344878,0.5435897435897437,0.5116883116883116,0.5601587301587302,0.5435897435897437,0.5435897435897437
RBF-kernel GPR,0.7,0.40309523809523806,0.5654545454545454,0.5368253968253968,0.40309523809523806,0.5871212121212122,0.5257142857142857,0.4627272727272727,0.42523809523809514,0.589004329004329,0.48177489177489174,0.42523809523809514,0.569004329004329,0.4484415584415585,0.44129870129870136
matern-kernel GPR,0.7333333333333333,0.35111111111111104,0.5828754578754578,0.5077777777777779,0.35111111111111104,0.5722693972693973,0.5077777777777779,0.4532034632034632,0.4196825396825396,0.6432900432900434,0.4532034632034632,0.4196825396825396,0.6432900432900434,0.4293939393939394,0.4293939393939394
