,gene,TG,Cer,DG,gene_TG,gene_Cer,gene_DG,TG_Cer,TG_DG,DG_Cer,gene_TG_Cer,gene_TG_DG,gene_DG_Cer,TG_Cer_DG,gene_TG_Cer_DG
logistic reg,0.62,0.46571428571428564,0.47904761904761906,0.6047619047619047,0.46571428571428564,0.49333333333333335,0.619047619047619,0.4809523809523809,0.520952380952381,0.5333333333333333,0.4666666666666666,0.520952380952381,0.5190476190476191,0.4809523809523809,0.4809523809523809
logistic reg-lasso,0.62,0.4514285714285714,0.5066666666666666,0.5904761904761904,0.4514285714285714,0.5076190476190476,0.619047619047619,0.5095238095238095,0.5057142857142857,0.5190476190476191,0.5095238095238095,0.5057142857142857,0.5057142857142857,0.5085714285714286,0.5085714285714286
linear-kernel svm,0.62,0.49333333333333335,0.5047619047619047,0.5647619047619048,0.48,0.5066666666666666,0.5895238095238095,0.4809523809523809,0.5361904761904761,0.5457142857142856,0.4800000000000001,0.49333333333333335,0.5609523809523809,0.49523809523809526,0.5076190476190476
RBF-kernel svm,0.5923809523809523,0.5199999999999999,0.48952380952380947,0.5342857142857144,0.5199999999999999,0.5047619047619047,0.5485714285714286,0.5342857142857141,0.5047619047619047,0.5609523809523809,0.5342857142857141,0.518095238095238,0.5466666666666666,0.519047619047619,0.5333333333333333
RBF-kernel GPR,0.5923809523809523,0.4514285714285714,0.5485714285714286,0.5076190476190476,0.4514285714285714,0.5342857142857144,0.518095238095238,0.4647619047619047,0.47904761904761906,0.5314285714285714,0.4647619047619047,0.47904761904761906,0.5447619047619048,0.4647619047619047,0.4647619047619047
matern-kernel GPR,0.6057142857142856,0.46571428571428564,0.5495238095238095,0.48,0.46571428571428564,0.5476190476190477,0.5076190476190476,0.4247619047619048,0.47904761904761906,0.5599999999999999,0.4247619047619048,0.49333333333333335,0.519047619047619,0.4228571428571429,0.4228571428571429
