,gene,TG,Cer,DG,gene_TG,gene_Cer,gene_DG,TG_Cer,TG_DG,DG_Cer,gene_TG_Cer,gene_TG_DG,gene_DG_Cer,TG_Cer_DG,gene_TG_Cer_DG
logistic reg,0.3942857142857143,0.4619047619047619,0.6647619047619048,0.6038095238095238,0.4619047619047619,0.6504761904761904,0.5895238095238095,0.5904761904761905,0.47714285714285715,0.7904761904761906,0.5904761904761905,0.47714285714285715,0.7904761904761906,0.6190476190476191,0.6190476190476191
logistic reg-lasso,0.3942857142857143,0.47619047619047616,0.6647619047619048,0.5761904761904761,0.47619047619047616,0.6647619047619048,0.5476190476190477,0.5914285714285714,0.47714285714285715,0.7895238095238095,0.5914285714285714,0.47714285714285715,0.7761904761904763,0.6342857142857143,0.6342857142857143
linear-kernel svm,0.5628571428571428,0.42095238095238097,0.6352380952380952,0.5904761904761904,0.4342857142857143,0.5504761904761905,0.6038095238095238,0.5199999999999999,0.520952380952381,0.7057142857142857,0.5342857142857143,0.4923809523809524,0.6914285714285715,0.6057142857142856,0.6057142857142856
RBF-kernel svm,0.5914285714285714,0.40857142857142853,0.5066666666666666,0.5761904761904761,0.40857142857142853,0.520952380952381,0.6047619047619047,0.4238095238095238,0.4780952380952381,0.6761904761904762,0.4238095238095238,0.4780952380952381,0.6342857142857143,0.4514285714285714,0.4514285714285714
RBF-kernel GPR,0.5771428571428571,0.4914285714285714,0.62,0.5057142857142857,0.4914285714285714,0.62,0.4352380952380953,0.4914285714285714,0.4914285714285714,0.6761904761904762,0.4914285714285714,0.4914285714285714,0.6904761904761905,0.4914285714285714,0.4914285714285714
matern-kernel GPR,0.5628571428571428,0.4057142857142857,0.5914285714285714,0.4628571428571428,0.4057142857142857,0.5914285714285714,0.4352380952380952,0.5619047619047619,0.4333333333333333,0.6761904761904762,0.5485714285714285,0.4333333333333333,0.6904761904761905,0.5761904761904761,0.5761904761904761
