,gene,TG,Cer,DG,gene_TG,gene_Cer,gene_DG,TG_Cer,TG_DG,DG_Cer,gene_TG_Cer,gene_TG_DG,gene_DG_Cer,TG_Cer_DG,gene_TG_Cer_DG
logistic reg,0.6590476190476191,0.5085714285714286,0.6866666666666665,0.5619047619047619,0.5085714285714286,0.6866666666666665,0.5619047619047619,0.6190476190476191,0.5476190476190476,0.6314285714285715,0.6333333333333333,0.5476190476190476,0.6314285714285715,0.5923809523809525,0.5923809523809525
logistic reg-lasso,0.6590476190476191,0.5361904761904761,0.7,0.5619047619047619,0.5361904761904761,0.7,0.5619047619047619,0.6047619047619047,0.5619047619047619,0.6314285714285715,0.6047619047619047,0.5619047619047619,0.6599999999999999,0.5904761904761904,0.5904761904761904
linear-kernel svm,0.6590476190476191,0.48,0.6447619047619046,0.5333333333333333,0.5219047619047619,0.5885714285714286,0.5914285714285714,0.5780952380952381,0.520952380952381,0.6457142857142857,0.5923809523809525,0.5495238095238094,0.6038095238095238,0.5495238095238095,0.5504761904761905
RBF-kernel svm,0.6447619047619046,0.6723809523809524,0.7161904761904762,0.6723809523809524,0.6723809523809524,0.7161904761904762,0.6723809523809524,0.6590476190476191,0.6723809523809524,0.6733333333333333,0.6590476190476191,0.6723809523809524,0.6590476190476191,0.6723809523809524,0.6723809523809524
RBF-kernel GPR,0.6590476190476191,0.6723809523809524,0.6733333333333333,0.6438095238095237,0.6723809523809524,0.6733333333333333,0.658095238095238,0.6723809523809524,0.6723809523809524,0.6742857142857143,0.6723809523809524,0.6723809523809524,0.6314285714285715,0.6723809523809524,0.6723809523809524
matern-kernel GPR,0.700952380952381,0.52,0.6723809523809523,0.6009523809523809,0.52,0.6723809523809523,0.6723809523809524,0.5352380952380952,0.519047619047619,0.6876190476190476,0.5352380952380952,0.519047619047619,0.6876190476190476,0.5780952380952381,0.5780952380952381
