,gene,TG,Cer,DG,gene_TG,gene_Cer,gene_DG,TG_Cer,TG_DG,DG_Cer,gene_TG_Cer,gene_TG_DG,gene_DG_Cer,TG_Cer_DG,gene_TG_Cer_DG
logistic reg,0.638095238095238,0.4238095238095238,0.6371428571428572,0.5238095238095237,0.4238095238095238,0.6371428571428572,0.5095238095238095,0.5076190476190476,0.4819047619047619,0.6780952380952381,0.49333333333333335,0.4819047619047619,0.6780952380952381,0.5228571428571428,0.5228571428571428
logistic reg-lasso,0.638095238095238,0.3961904761904762,0.6371428571428572,0.5380952380952382,0.4095238095238095,0.6228571428571429,0.49523809523809526,0.5219047619047619,0.46761904761904755,0.6342857142857143,0.5219047619047619,0.46761904761904755,0.6209523809523809,0.5514285714285714,0.5514285714285714
linear-kernel svm,0.4666666666666666,0.4238095238095238,0.6495238095238095,0.5228571428571428,0.4523809523809524,0.6076190476190476,0.5771428571428572,0.5085714285714286,0.3952380952380953,0.6495238095238095,0.5085714285714286,0.4095238095238095,0.5933333333333333,0.5228571428571428,0.5361904761904761
RBF-kernel svm,0.4666666666666666,0.5523809523809524,0.5952380952380951,0.5666666666666667,0.5523809523809524,0.6095238095238095,0.5523809523809524,0.5523809523809524,0.5666666666666667,0.5666666666666667,0.5523809523809524,0.5666666666666667,0.5666666666666667,0.5666666666666667,0.5666666666666667
RBF-kernel GPR,0.4523809523809523,0.638095238095238,0.5780952380952381,0.5809523809523809,0.638095238095238,0.5495238095238095,0.5809523809523809,0.638095238095238,0.638095238095238,0.6209523809523809,0.638095238095238,0.638095238095238,0.620952380952381,0.638095238095238,0.638095238095238
matern-kernel GPR,0.4666666666666666,0.4095238095238095,0.6066666666666667,0.6095238095238095,0.4095238095238095,0.6066666666666667,0.580952380952381,0.4809523809523809,0.3961904761904762,0.620952380952381,0.4809523809523809,0.3961904761904762,0.620952380952381,0.5095238095238095,0.5095238095238095
