,gene,Cer,Acy,Sph,gene_Cer,gene_Acy,gene_Sph,Acy_Cer,Sph_Cer,Sph_Acy,gene_Acy_Cer,gene_Sph_Cer,gene_Sph_Acy,Cer_Acy_Sph,gene_Cer_Acy_Sph
logistic reg,0.737192118226601,0.6463054187192119,0.667487684729064,0.6677339901477832,0.7093596059113301,0.7440886699507389,0.737192118226601,0.6460591133004927,0.6532019704433498,0.6746305418719212,0.7019704433497537,0.7093596059113301,0.7440886699507389,0.6460591133004927,0.7091133004926109
logistic reg-lasso,0.737192118226601,0.6603448275862069,0.6677339901477832,0.6677339901477832,0.716256157635468,0.737192118226601,0.737192118226601,0.6460591133004927,0.6603448275862069,0.6677339901477832,0.7091133004926109,0.716256157635468,0.737192118226601,0.6532019704433498,0.7091133004926109
linear-kernel svm,0.737192118226601,0.5408866995073891,0.6187192118226601,0.6677339901477832,0.5901477832512315,0.730295566502463,0.737192118226601,0.5275862068965518,0.575615763546798,0.5977832512315271,0.5763546798029557,0.5763546798029557,0.7022167487684727,0.5344827586206897,0.541871921182266
RBF-kernel svm,0.737192118226601,0.6532019704433497,0.653448275862069,0.6608374384236452,0.6812807881773398,0.7229064039408867,0.7440886699507389,0.646551724137931,0.674384236453202,0.6465517241379309,0.674384236453202,0.7024630541871921,0.737192118226601,0.6605911330049261,0.7024630541871921
RBF-kernel GPR,0.7302955665024631,0.6677339901477832,0.6677339901477832,0.6677339901477832,0.7233990147783251,0.6677339901477832,0.6677339901477832,0.6677339901477832,0.6677339901477832,0.6677339901477832,0.7160098522167487,0.7160098522167487,0.6677339901477832,0.6677339901477832,0.7019704433497538
matern-kernel GPR,0.7302955665024631,0.6460591133004925,0.6677339901477832,0.6677339901477832,0.6950738916256156,0.6677339901477832,0.6677339901477832,0.6600985221674878,0.6524630541871922,0.6677339901477832,0.7157635467980296,0.7019704433497537,0.6677339901477832,0.6184729064039409,0.6807881773399015
