,gene,Cer,Acy,Sph,gene_Cer,gene_Acy,gene_Sph,Acy_Cer,Sph_Cer,Sph_Acy,gene_Acy_Cer,gene_Sph_Cer,gene_Sph_Acy,Cer_Acy_Sph,gene_Cer_Acy_Sph
logistic reg,0.6874384236453203,0.6805418719211822,0.6874384236453203,0.6874384236453203,0.7014778325123153,0.6874384236453203,0.6874384236453203,0.6805418719211822,0.6805418719211822,0.6874384236453203,0.7014778325123153,0.7014778325123153,0.6874384236453203,0.6874384236453203,0.7083743842364533
logistic reg-lasso,0.6874384236453203,0.6874384236453203,0.6874384236453203,0.6874384236453203,0.7014778325123153,0.6874384236453203,0.6874384236453203,0.6874384236453203,0.6874384236453203,0.6874384236453203,0.7083743842364533,0.7014778325123153,0.6874384236453203,0.6874384236453203,0.7083743842364533
linear-kernel svm,0.6874384236453203,0.6738916256157637,0.6805418719211822,0.6874384236453203,0.687192118226601,0.6667487684729064,0.6874384236453203,0.6881773399014778,0.6532019704433497,0.6736453201970443,0.6736453201970443,0.694334975369458,0.6736453201970443,0.6327586206896552,0.6598522167487685
RBF-kernel svm,0.6874384236453203,0.6874384236453203,0.6874384236453203,0.6805418719211822,0.6805418719211822,0.6805418719211822,0.6529556650246306,0.6874384236453203,0.6874384236453203,0.6874384236453203,0.6874384236453203,0.6805418719211822,0.6874384236453203,0.6874384236453203,0.6874384236453203
RBF-kernel GPR,0.6874384236453203,0.6874384236453203,0.6874384236453203,0.6874384236453203,0.6524630541871921,0.6874384236453203,0.6874384236453203,0.6874384236453203,0.6874384236453203,0.6874384236453203,0.6938423645320196,0.7073891625615764,0.6874384236453203,0.6874384236453203,0.6866995073891626
matern-kernel GPR,0.6874384236453203,0.666256157635468,0.6874384236453203,0.6874384236453203,0.7352216748768472,0.6874384236453203,0.6874384236453203,0.6943349753694582,0.6588669950738917,0.6874384236453203,0.7352216748768473,0.7349753694581279,0.6874384236453203,0.687192118226601,0.741871921182266
