,gene,Cer,Acy,Sph,gene_Cer,gene_Acy,gene_Sph,Acy_Cer,Sph_Cer,Sph_Acy,gene_Acy_Cer,gene_Sph_Cer,gene_Sph_Acy,Cer_Acy_Sph,gene_Cer_Acy_Sph
logistic reg,0.8330049261083744,0.8330049261083744,0.8330049261083744,0.8330049261083744,0.8330049261083744,0.8330049261083744,0.8330049261083744,0.8330049261083744,0.8330049261083744,0.8330049261083744,0.8330049261083744,0.8330049261083744,0.8330049261083744,0.8330049261083744,0.8330049261083744
logistic reg-lasso,0.8330049261083744,0.8330049261083744,0.8330049261083744,0.8330049261083744,0.8330049261083744,0.8330049261083744,0.8330049261083744,0.8330049261083744,0.8330049261083744,0.8330049261083744,0.8330049261083744,0.8330049261083744,0.8330049261083744,0.8330049261083744,0.8330049261083744
linear-kernel svm,0.8330049261083744,0.7157635467980296,0.8330049261083744,0.8330049261083744,0.7298029556650245,0.8399014778325122,0.8330049261083744,0.7428571428571429,0.7224137931034482,0.8330049261083744,0.7502463054187192,0.729064039408867,0.8330049261083744,0.7913793103448276,0.7635467980295566
RBF-kernel svm,0.8330049261083744,0.8330049261083744,0.8330049261083744,0.8330049261083744,0.8330049261083744,0.8330049261083744,0.8330049261083744,0.8330049261083744,0.8330049261083744,0.8330049261083744,0.8330049261083744,0.8330049261083744,0.8330049261083744,0.8330049261083744,0.8330049261083744
RBF-kernel GPR,0.8330049261083744,0.7357142857142858,0.16699507389162563,0.16699507389162563,0.7497536945812808,0.16699507389162563,0.16699507389162563,0.7497536945812808,0.7357142857142858,0.16699507389162563,0.7495073891625615,0.7711822660098522,0.16699507389162563,0.7357142857142855,0.7706896551724138
matern-kernel GPR,0.8330049261083744,0.7630541871921183,0.16699507389162563,0.16699507389162563,0.7633004926108375,0.16699507389162563,0.16699507389162563,0.7773399014778325,0.7916256157635467,0.16699507389162563,0.7985221674876847,0.7985221674876847,0.16699507389162563,0.8051724137931033,0.798768472906404
