,gene,Cer,Acy,Sph,gene_Cer,gene_Acy,gene_Sph,Acy_Cer,Sph_Cer,Sph_Acy,gene_Acy_Cer,gene_Sph_Cer,gene_Sph_Acy,Cer_Acy_Sph,gene_Cer_Acy_Sph
logistic reg,1.0,0.7391068580542265,0.8386868686868688,1.0,0.8018553960659224,0.8505050505050505,0.9718181818181819,0.7405422647527911,0.7491068580542264,0.8205050505050504,0.7381977671451356,0.7730887825624668,0.8119989367357787,0.7487240829346093,0.7296331738437002
logistic reg-lasso,1.0,0.7587240829346092,0.8386868686868688,1.0,0.8023817118553961,0.8505050505050505,0.9718181818181819,0.7405422647527911,0.7591068580542266,0.8205050505050504,0.7592503987240831,0.7832908027644869,0.8425252525252525,0.7387240829346093,0.7401594896331739
linear-kernel svm,1.0,0.700542264752791,0.8977777777777778,1.0,0.6582349813928761,0.7661775651249336,1.0,0.5987985114300904,0.6798139287612971,0.7761616161616163,0.6496119085592771,0.6395268474215843,0.7499574694311536,0.6471823498139286,0.6894896331738438
RBF-kernel svm,1.0,1.0,0.8984210526315788,0.9727272727272727,1.0,0.9389473684210525,0.9207070707070708,0.99,1.0,0.9788888888888889,0.9800000000000001,1.0,0.9688888888888888,0.9800000000000001,0.9800000000000001
RBF-kernel GPR,1.0,0.9789473684210528,1.0,0.9727272727272727,1.0,0.9800000000000001,1.0,0.8206432748538012,1.0,1.0,0.8015523657628922,1.0,0.9800000000000001,0.8912280701754387,0.9122807017543859
matern-kernel GPR,1.0,1.0,1.0,1.0,1.0,1.0,1.0,0.9222222222222222,1.0,1.0,0.9222222222222222,1.0,1.0,1.0,1.0
