,gene,Cer,Acy,Sph,gene_Cer,gene_Acy,gene_Sph,Acy_Cer,Sph_Cer,Sph_Acy,gene_Acy_Cer,gene_Sph_Cer,gene_Sph_Acy,Cer_Acy_Sph,gene_Cer_Acy_Sph
logistic reg,1.0,0.99,1.0,1.0,0.9809090909090908,1.0,1.0,0.99,0.99,1.0,0.9809090909090908,0.9809090909090908,1.0,0.99,0.9809090909090908
logistic reg-lasso,1.0,0.99,1.0,1.0,0.9809090909090908,1.0,1.0,0.99,0.99,1.0,0.9809090909090908,0.9809090909090908,1.0,0.99,0.9809090909090908
linear-kernel svm,1.0,0.7185007974481658,1.0,1.0,0.7670866560340244,0.8282190324295587,1.0,0.7587612971823499,0.781190855927698,0.8778947368421053,0.7347208931419458,0.8112706007442849,0.7376714513556619,0.74254120148857,0.7489048378522062
RBF-kernel svm,1.0,1.0,0.9894736842105264,1.0,1.0,0.9794736842105263,0.9609090909090909,1.0,1.0,1.0,1.0,1.0,0.93,1.0,1.0
RBF-kernel GPR,1.0,1.0,1.0,1.0,1.0,1.0,1.0,1.0,1.0,1.0,1.0,1.0,1.0,1.0,1.0
matern-kernel GPR,1.0,1.0,1.0,1.0,1.0,1.0,1.0,1.0,1.0,1.0,1.0,1.0,1.0,1.0,1.0
