,gene,Cer,Acy,Sph,gene_Cer,gene_Acy,gene_Sph,Acy_Cer,Sph_Cer,Sph_Acy,gene_Acy_Cer,gene_Sph_Cer,gene_Sph_Acy,Cer_Acy_Sph,gene_Cer_Acy_Sph
logistic reg,1.0,0.7569009480222294,0.8844633322436526,0.980952380952381,0.759882314481857,0.8289767898005884,0.9523809523809523,0.7453721259670917,0.7063005339435545,0.8597014274817478,0.7930914242127056,0.7503585049580472,0.8148152991173585,0.7273270131851367,0.7463746322327558
logistic reg-lasso,1.0,0.7569009480222294,0.8844633322436526,1.0,0.759882314481857,0.8480244088482074,0.9523809523809523,0.7453721259670917,0.7101100577530783,0.8597014274817478,0.7843957720387926,0.7493559986923831,0.8148152991173585,0.7178032036613272,0.7694061240056664
linear-kernel svm,1.0,0.6295870110057754,0.8423842214231231,1.0,0.6467560204859976,0.7670219025825433,1.0,0.5963779012749264,0.6344731393701645,0.8597014274817478,0.6449994551596382,0.6850256074970034,0.7202310123133923,0.6295870110057752,0.6637986270022884
RBF-kernel svm,1.0,0.9913043478260869,0.96,0.9619047619047618,0.9913043478260869,0.8723809523809523,0.9151138716356109,1.0,0.9913043478260869,0.9771428571428572,1.0,0.9913043478260869,0.9638095238095239,1.0,1.0
RBF-kernel GPR,1.0,0.9523809523809523,1.0,0.980952380952381,0.9428571428571428,1.0,0.9714285714285715,0.867494824016563,1.0,1.0,0.8054658385093166,1.0,1.0,0.9513043478260869,0.96
matern-kernel GPR,1.0,0.9619047619047618,1.0,0.980952380952381,1.0,1.0,0.9619047619047618,0.9619047619047618,1.0,1.0,0.9619047619047618,1.0,1.0,1.0,1.0
