,gene,Cer,Acy,Sph,gene_Cer,gene_Acy,gene_Sph,Acy_Cer,Sph_Cer,Sph_Acy,gene_Acy_Cer,gene_Sph_Cer,gene_Sph_Acy,Cer_Acy_Sph,gene_Cer_Acy_Sph
logistic reg,1.0,0.7540778630292697,0.8592497868712702,1.0,0.7621199204319409,0.8244671781756182,0.9621483375959079,0.6940039784029554,0.7447286160841148,0.8505541346973573,0.7138107416879794,0.7398976982097186,0.8213981244671782,0.7026996305768684,0.6940039784029555
logistic reg-lasso,1.0,0.7651889741403808,0.8703608979823814,1.0,0.7398976982097186,0.8331628303495311,0.9739130434782609,0.7051150895140664,0.7423131571469168,0.8703608979823814,0.7138107416879794,0.7398976982097186,0.8331628303495311,0.7225063938618925,0.7026996305768685
linear-kernel svm,1.0,0.6271952259164535,0.8331628303495311,1.0,0.629099175902245,0.7676044330775789,1.0,0.6147769252628588,0.6131571469167377,0.777919863597613,0.6123614663256607,0.5992895709008241,0.7630861040068202,0.6092924126172208,0.5522875816993464
RBF-kernel svm,1.0,1.0,0.9391304347826086,0.9913043478260869,1.0,0.9019323671497584,0.8553850525717535,1.0,0.9913043478260869,0.9652173913043478,1.0,1.0,0.9739130434782609,0.9913043478260869,1.0
RBF-kernel GPR,1.0,0.8922705314009661,0.9565217391304348,1.0,1.0,0.9565217391304348,1.0,0.7360329639102018,1.0,0.9652173913043478,0.7249218527990906,1.0,0.9565217391304348,0.881159420289855,0.9222222222222222
matern-kernel GPR,1.0,1.0,0.9391304347826086,1.0,1.0,0.9565217391304348,0.9826086956521738,0.9391304347826086,1.0,0.9826086956521738,0.9478260869565217,1.0,0.9739130434782609,1.0,1.0
