,gene,Cer,Acy,Sph,gene_Cer,gene_Acy,gene_Sph,Acy_Cer,Sph_Cer,Sph_Acy,gene_Acy_Cer,gene_Sph_Cer,gene_Sph_Acy,Cer_Acy_Sph,gene_Cer_Acy_Sph
logistic reg,1.0,0.7293253968253968,0.8613492063492064,1.0,0.8010714285714284,0.8351587301587301,0.9738095238095237,0.7568253968253968,0.7170238095238095,0.8114682539682541,0.7874603174603175,0.7320238095238095,0.8126587301587301,0.7318253968253968,0.7846825396825396
logistic reg-lasso,1.0,0.7721825396825397,0.8613492063492064,1.0,0.7982936507936508,0.8351587301587301,0.9738095238095237,0.7568253968253968,0.7253571428571429,0.8323015873015873,0.7999603174603175,0.7624603174603175,0.8031349206349206,0.7418253968253968,0.7746825396825396
linear-kernel svm,1.0,0.6248015873015873,0.7815873015873016,1.0,0.6445238095238095,0.8286111111111112,1.0,0.6615873015873015,0.6220238095238095,0.8282539682539681,0.701468253968254,0.6334126984126984,0.7076190476190477,0.6610317460317461,0.6706349206349207
RBF-kernel svm,1.0,0.9916666666666668,0.9626190476190477,0.9529761904761905,0.9916666666666668,0.9626190476190477,0.8807936507936509,0.9916666666666668,0.9916666666666668,0.9585317460317461,0.9916666666666668,0.9916666666666668,0.9680555555555556,0.9916666666666668,0.9916666666666668
RBF-kernel GPR,1.0,0.9277777777777778,1.0,0.9625,0.97,1.0,1.0,0.7781746031746032,1.0,0.9916666666666668,0.7615079365079366,1.0,1.0,0.8822222222222222,0.96
matern-kernel GPR,1.0,1.0,0.9916666666666668,0.9625,1.0,1.0,1.0,1.0,1.0,1.0,1.0,1.0,1.0,1.0,1.0
