,gene,Cer,Acy,Sph,gene_Cer,gene_Acy,gene_Sph,Acy_Cer,Sph_Cer,Sph_Acy,gene_Acy_Cer,gene_Sph_Cer,gene_Sph_Acy,Cer_Acy_Sph,gene_Cer_Acy_Sph
logistic reg,1.0,0.9817805383022774,1.0,1.0,0.9512040971995205,1.0,1.0,0.9817805383022774,0.9817805383022774,1.0,0.9512040971995205,0.9598997493734336,1.0,0.9817805383022774,0.96072790672333
logistic reg-lasso,1.0,0.9817805383022774,1.0,1.0,0.9512040971995205,1.0,1.0,0.9817805383022774,0.9817805383022774,1.0,0.96072790672333,0.96072790672333,1.0,0.9817805383022774,0.96072790672333
linear-kernel svm,1.0,0.7731153971886238,0.9894736842105264,1.0,0.752917075296938,0.8222599978206386,1.0,0.8202549852893103,0.7759224147324832,0.9339871417674621,0.7903585049580473,0.7480309469325488,0.7852413642802659,0.8117075296937998,0.7208586684101558
RBF-kernel svm,1.0,0.9904761904761905,1.0,1.0,0.9904761904761905,1.0,0.9523809523809523,0.9904761904761905,0.9904761904761905,1.0,0.9904761904761905,0.9904761904761905,0.9904761904761905,0.9904761904761905,0.9904761904761905
RBF-kernel GPR,1.0,1.0,1.0,1.0,1.0,1.0,1.0,1.0,1.0,1.0,1.0,1.0,1.0,1.0,1.0
matern-kernel GPR,1.0,1.0,1.0,1.0,1.0,1.0,1.0,1.0,1.0,1.0,1.0,1.0,1.0,1.0,1.0
