,gene,Cer,Acy,Sph,gene_Cer,gene_Acy,gene_Sph,Acy_Cer,Sph_Cer,Sph_Acy,gene_Acy_Cer,gene_Sph_Cer,gene_Sph_Acy,Cer_Acy_Sph,gene_Cer_Acy_Sph
logistic reg,1.0,0.9721428571428572,1.0,1.0,0.9650000000000001,1.0,1.0,0.9721428571428572,0.9721428571428572,1.0,0.9733333333333334,0.9650000000000001,1.0,0.9721428571428572,0.9733333333333334
logistic reg-lasso,1.0,0.9721428571428572,1.0,1.0,0.9650000000000001,1.0,1.0,0.9721428571428572,0.9721428571428572,1.0,0.9733333333333334,0.9650000000000001,1.0,0.9721428571428572,0.9733333333333334
linear-kernel svm,1.0,0.6981349206349207,0.9714285714285715,1.0,0.7573809523809524,0.8682142857142857,1.0,0.7363888888888888,0.795079365079365,0.9261904761904762,0.758611111111111,0.7406349206349206,0.7740873015873015,0.7637698412698413,0.6674603174603175
RBF-kernel svm,1.0,0.9888888888888889,1.0,0.9821428571428571,0.9788888888888889,0.9904761904761905,0.9254761904761905,0.9888888888888889,0.9888888888888889,0.9904761904761905,0.9888888888888889,0.9788888888888889,0.9526190476190475,1.0,1.0
RBF-kernel GPR,1.0,1.0,1.0,1.0,1.0,1.0,1.0,1.0,1.0,1.0,1.0,1.0,1.0,1.0,1.0
matern-kernel GPR,1.0,1.0,1.0,1.0,1.0,1.0,1.0,1.0,1.0,1.0,1.0,1.0,1.0,1.0,1.0
