,gene,Cer,Acy,Sph,gene_Cer,gene_Acy,gene_Sph,Acy_Cer,Sph_Cer,Sph_Acy,gene_Acy_Cer,gene_Sph_Cer,gene_Sph_Acy,Cer_Acy_Sph,gene_Cer_Acy_Sph
logistic reg,1.0,0.9888888888888889,1.0,1.0,0.9714975845410627,1.0,1.0,0.9888888888888889,0.9888888888888889,1.0,0.9714975845410627,0.9714975845410627,1.0,0.9888888888888889,0.9714975845410627
logistic reg-lasso,1.0,0.9888888888888889,1.0,1.0,0.9826086956521738,1.0,1.0,0.9888888888888889,0.9888888888888889,1.0,0.9826086956521738,0.9826086956521738,1.0,0.9888888888888889,0.9826086956521738
linear-kernel svm,1.0,0.7962489343563512,0.9130434782608695,1.0,0.8687411196362603,0.827536231884058,1.0,0.7677465188974141,0.7733731173628872,0.8521739130434783,0.7518044899119067,0.8001136686558681,0.7768115942028986,0.817362887183859,0.7603580562659846
RBF-kernel svm,1.0,1.0,1.0,1.0,0.9888888888888889,0.9826086956521738,0.9217391304347826,1.0,1.0,1.0,0.9888888888888889,0.9888888888888889,0.9304347826086957,1.0,1.0
RBF-kernel GPR,1.0,1.0,1.0,1.0,1.0,1.0,1.0,1.0,1.0,1.0,1.0,1.0,1.0,1.0,1.0
matern-kernel GPR,1.0,1.0,1.0,1.0,1.0,1.0,1.0,1.0,1.0,1.0,1.0,1.0,1.0,1.0,1.0
