,gene,Cer,Acy,Sph,gene_Cer,gene_Acy,gene_Sph,Acy_Cer,Sph_Cer,Sph_Acy,gene_Acy_Cer,gene_Sph_Cer,gene_Sph_Acy,Cer_Acy_Sph,gene_Cer_Acy_Sph
logistic reg,0.687192118226601,0.6838744588744589,0.6695649165649166,0.687192118226601,0.7237461472883469,0.6946854101064628,0.6921238403997024,0.707047619047619,0.6613438735177865,0.6650740740740742,0.7261750423489554,0.6947885544407284,0.6830893550893552,0.680712215320911,0.6863333333333335
logistic reg-lasso,0.687192118226601,0.687846547314578,0.6695649165649166,0.687192118226601,0.7124842066146414,0.6930740740740741,0.6921238403997024,0.6975238095238095,0.6642424242424242,0.6650740740740742,0.7317402597402598,0.6945040088910058,0.6922313553892501,0.677712215320911,0.6805311355311355
linear-kernel svm,0.687192118226601,0.6583030303030303,0.6671688770999116,0.687192118226601,0.6969298245614034,0.7303221822672624,0.687192118226601,0.6691269841269841,0.6771390432603248,0.6697212109459546,0.6696969696969697,0.6763636363636364,0.7113590134757183,0.6654392391234496,0.6879870129870129
RBF-kernel svm,0.687192118226601,0.687192118226601,0.6762266009852217,0.6874679802955664,0.687192118226601,0.7053478131064338,0.7190052556139513,0.684975369458128,0.687192118226601,0.7188549955791335,0.6825944170771756,0.687192118226601,0.7213809523809525,0.6825944170771756,0.6825944170771756
RBF-kernel GPR,0.687192118226601,0.703983722424502,0.687192118226601,0.6874679802955664,0.687192118226601,0.6825944170771756,0.687192118226601,0.65696742537822,0.687192118226601,0.687192118226601,0.6815694057733038,0.687192118226601,0.6825944170771756,0.6780209895052475,0.6969195402298851
matern-kernel GPR,0.687192118226601,0.687192118226601,0.687192118226601,0.687192118226601,0.687192118226601,0.687192118226601,0.687192118226601,0.6686206896551724,0.687192118226601,0.6975369458128079,0.6808429118773947,0.687192118226601,0.6921182266009851,0.687192118226601,0.687192118226601
