,gene,Cer,Acy,Sph,gene_Cer,gene_Acy,gene_Sph,Acy_Cer,Sph_Cer,Sph_Acy,gene_Acy_Cer,gene_Sph_Cer,gene_Sph_Acy,Cer_Acy_Sph,gene_Cer_Acy_Sph
logistic reg,0.6864532019704433,0.6881773399014778,0.6864532019704433,0.6864532019704433,0.697049247049247,0.6864532019704433,0.6864532019704433,0.6881773399014778,0.6881773399014778,0.6864532019704433,0.7032030932030932,0.6928290738635565,0.6864532019704433,0.6881773399014778,0.7047415547415546
logistic reg-lasso,0.6864532019704433,0.6881773399014778,0.6864532019704433,0.6864532019704433,0.6865079365079365,0.6864532019704433,0.6864532019704433,0.6881773399014778,0.6881773399014778,0.6864532019704433,0.6939153439153438,0.6883597883597883,0.6864532019704433,0.6881773399014778,0.6939153439153438
linear-kernel svm,0.6864532019704433,0.7397149989598503,0.6839901477832512,0.6864532019704433,0.7337967914438503,0.7436654878302476,0.6864532019704433,0.7614454614797864,0.7311670480549199,0.6781269841269841,0.7699521531100478,0.7396018455228981,0.7119433465085638,0.7665775401069519,0.7637623470440807
RBF-kernel svm,0.6864532019704433,0.6844827586206896,0.6864532019704433,0.6916256157635468,0.6844827586206896,0.6864532019704433,0.6807560505461555,0.6844827586206896,0.6844827586206896,0.6864532019704433,0.6844827586206896,0.6844827586206896,0.6901477832512314,0.6844827586206896,0.6844827586206896
RBF-kernel GPR,0.6864532019704433,0.6864532019704433,0.6864532019704433,0.6864532019704433,0.6864532019704433,0.6864532019704433,0.6864532019704433,0.6864532019704433,0.6864532019704433,0.6864532019704433,0.6864532019704433,0.6864532019704433,0.6864532019704433,0.6864532019704433,0.6864532019704433
matern-kernel GPR,0.6864532019704433,0.6864532019704433,0.6864532019704433,0.6864532019704433,0.6864532019704433,0.6864532019704433,0.6864532019704433,0.6864532019704433,0.6864532019704433,0.6864532019704433,0.6864532019704433,0.6864532019704433,0.6864532019704433,0.6864532019704433,0.6864532019704433
