,gene,Cer,Acy,Sph,gene_Cer,gene_Acy,gene_Sph,Acy_Cer,Sph_Cer,Sph_Acy,gene_Acy_Cer,gene_Sph_Cer,gene_Sph_Acy,Cer_Acy_Sph,gene_Cer_Acy_Sph
logistic reg,0.6864532019704433,0.6962064251537936,0.6851984569375874,0.6823663565042876,0.7061594202898551,0.7039979090322339,0.6870784388025767,0.6967532467532467,0.6680193236714975,0.6825714285714286,0.7107321168533984,0.6837795575896262,0.6958901098901099,0.679144006260711,0.7058243434673641
logistic reg-lasso,0.6864532019704433,0.689712918660287,0.6808506308506309,0.6864532019704433,0.699141876430206,0.6939292591466504,0.6870784388025767,0.6909090909090908,0.6755555555555556,0.6825714285714286,0.71010101010101,0.6842028985507247,0.6907619047619048,0.6767630538797587,0.7122727272727272
linear-kernel svm,0.6864532019704433,0.6531746031746032,0.6737464387464388,0.6864532019704433,0.7072393550721724,0.7344284090447774,0.6864532019704433,0.6895989974937342,0.6496969696969697,0.6903636363636363,0.7074303405572755,0.7050013621009044,0.7088427128427128,0.6866102756892231,0.7045284780578898
RBF-kernel svm,0.6864532019704433,0.684975369458128,0.6804827586206896,0.6782795110381318,0.684975369458128,0.6927326244338792,0.6781773399014778,0.6864532019704433,0.684975369458128,0.7336402116402116,0.6864532019704433,0.684975369458128,0.7359564509564509,0.6864532019704433,0.6864532019704433
RBF-kernel GPR,0.6864532019704433,0.6870801612180923,0.6864532019704433,0.6823663565042876,0.6844827586206896,0.6864532019704433,0.6800871542250853,0.695108420516769,0.6864532019704433,0.6864532019704433,0.6985560138590992,0.6864532019704433,0.6921182266009851,0.6990113334940921,0.6993103448275862
matern-kernel GPR,0.6864532019704433,0.6832922824302134,0.6864532019704433,0.6823663565042876,0.6864532019704433,0.6864532019704433,0.6894517027200685,0.6832922824302134,0.6864532019704433,0.7033752964787447,0.6894517027200685,0.6864532019704433,0.6921182266009851,0.6864532019704433,0.6864532019704433
