,gene,Cer,Acy,Sph,gene_Cer,gene_Acy,gene_Sph,Acy_Cer,Sph_Cer,Sph_Acy,gene_Acy_Cer,gene_Sph_Cer,gene_Sph_Acy,Cer_Acy_Sph,gene_Cer_Acy_Sph
logistic reg,0.6871921182266009,0.6785110833737835,0.6759047619047619,0.6871921182266009,0.7143939393939394,0.6762879439401178,0.6999242137173172,0.6934989648033126,0.6891187124596735,0.6684347826086957,0.6974529856108804,0.6949494949494949,0.6822237762237763,0.673015873015873,0.688972693972694
logistic reg-lasso,0.6871921182266009,0.6844444444444445,0.6759047619047619,0.6871921182266009,0.7131180223285486,0.6762879439401178,0.6999242137173172,0.6877018633540373,0.6838197767145135,0.6738600980340113,0.6933449883449884,0.7039824561403509,0.6731648351648352,0.6756825396825397,0.6862034632034633
linear-kernel svm,0.6871921182266009,0.6793678380443087,0.6617086719797995,0.6871921182266009,0.6976515151515151,0.7212773109243698,0.6871921182266009,0.6707761828814459,0.6801031321619557,0.6761226053639848,0.6862316995309322,0.6853353409875148,0.698391812865497,0.6907894736842105,0.7128829503829504
RBF-kernel svm,0.6871921182266009,0.6859605911330049,0.6900965573379366,0.6788768472906404,0.6859605911330049,0.6850701023114817,0.6974871794871795,0.6859605911330049,0.6859605911330049,0.7193129833129833,0.6859605911330049,0.6859605911330049,0.7323870573870574,0.6859605911330049,0.6859605911330049
RBF-kernel GPR,0.6871921182266009,0.6903866248693834,0.6871921182266009,0.6808472906403941,0.6909277504105089,0.6871921182266009,0.6871921182266009,0.6782019704433496,0.6871921182266009,0.7035240621447517,0.6810807583221375,0.6871921182266009,0.6871921182266009,0.6939602925809822,0.6947156291983878
matern-kernel GPR,0.6871921182266009,0.6871921182266009,0.6859605911330049,0.6808472906403941,0.6871921182266009,0.6871921182266009,0.6871921182266009,0.6871921182266009,0.6871921182266009,0.7043787629994526,0.6871921182266009,0.6871921182266009,0.6931034482758621,0.6871921182266009,0.6871921182266009
