,gene,Cer,Acy,Sph,gene_Cer,gene_Acy,gene_Sph,Acy_Cer,Sph_Cer,Sph_Acy,gene_Acy_Cer,gene_Sph_Cer,gene_Sph_Acy,Cer_Acy_Sph,gene_Cer_Acy_Sph
logistic reg,0.687192118226601,0.6896551724137931,0.687192118226601,0.687192118226601,0.6981481481481482,0.687192118226601,0.687192118226601,0.6896551724137931,0.6896551724137931,0.687192118226601,0.6981481481481482,0.692857142857143,0.687192118226601,0.6896551724137931,0.6981481481481482
logistic reg-lasso,0.687192118226601,0.684975369458128,0.687192118226601,0.687192118226601,0.692857142857143,0.687192118226601,0.687192118226601,0.684975369458128,0.684975369458128,0.687192118226601,0.6981481481481482,0.692857142857143,0.687192118226601,0.684975369458128,0.692857142857143
linear-kernel svm,0.687192118226601,0.7338788146837683,0.687192118226601,0.687192118226601,0.7831578947368422,0.7546666666666667,0.687192118226601,0.7134560710075584,0.7600022784233311,0.6773970157778254,0.7485634375794559,0.7709589190367222,0.7572946859903381,0.7147695441813089,0.7518629908103592
RBF-kernel svm,0.687192118226601,0.687192118226601,0.6847290640394089,0.6926108374384236,0.687192118226601,0.6923006750592957,0.69475916803503,0.687192118226601,0.687192118226601,0.687192118226601,0.687192118226601,0.687192118226601,0.6937055281882867,0.687192118226601,0.687192118226601
RBF-kernel GPR,0.687192118226601,0.687192118226601,0.687192118226601,0.687192118226601,0.687192118226601,0.687192118226601,0.687192118226601,0.687192118226601,0.687192118226601,0.687192118226601,0.687192118226601,0.687192118226601,0.687192118226601,0.687192118226601,0.687192118226601
matern-kernel GPR,0.687192118226601,0.687192118226601,0.687192118226601,0.687192118226601,0.687192118226601,0.687192118226601,0.687192118226601,0.687192118226601,0.687192118226601,0.687192118226601,0.687192118226601,0.687192118226601,0.687192118226601,0.687192118226601,0.687192118226601
