,gene,Cer,Acy,Sph,gene_Cer,gene_Acy,gene_Sph,Acy_Cer,Sph_Cer,Sph_Acy,gene_Acy_Cer,gene_Sph_Cer,gene_Sph_Acy,Cer_Acy_Sph,gene_Cer_Acy_Sph
logistic reg,0.687192118226601,0.6882372928368351,0.6921483516483516,0.687192118226601,0.7140677781410047,0.7010962467484207,0.6839262908228425,0.6803312629399586,0.6912227868749607,0.6774285714285715,0.7049698108908634,0.6994478951000691,0.7075684380032207,0.6825784157363104,0.6831746031746032
logistic reg-lasso,0.687192118226601,0.6864191110186534,0.6949175824175824,0.687192118226601,0.7066374375837292,0.7034354280349703,0.6826491516146689,0.6724524750611707,0.6800291241938838,0.6768620268620269,0.6979978354978356,0.6872256728778467,0.7059696342305037,0.690545166683274,0.6947058823529412
linear-kernel svm,0.687192118226601,0.6711904761904761,0.689047619047619,0.687192118226601,0.726360017691287,0.7250555327025914,0.687192118226601,0.6972431077694236,0.670924369747899,0.6792307692307692,0.7064069264069264,0.6723457485067391,0.7124048455570196,0.6610177404295052,0.6767919799498747
RBF-kernel svm,0.687192118226601,0.687192118226601,0.6891426581081753,0.6857142857142857,0.687192118226601,0.7023063143752799,0.7188929588929589,0.687192118226601,0.6857142857142857,0.7200280409245927,0.687192118226601,0.687192118226601,0.7218128078817735,0.6857142857142857,0.687192118226601
RBF-kernel GPR,0.687192118226601,0.6963382594417078,0.6785714285714286,0.687192118226601,0.687192118226601,0.6790935960591133,0.687192118226601,0.6806424757546039,0.687192118226601,0.6916666666666667,0.6903534197813374,0.687192118226601,0.6900972590627763,0.6875059613050618,0.6806645768025079
matern-kernel GPR,0.687192118226601,0.687192118226601,0.6821302260957434,0.687192118226601,0.687192118226601,0.6855062944718118,0.6841269841269841,0.6969924812030075,0.687192118226601,0.7006385696040869,0.6985714285714286,0.687192118226601,0.6992140681795854,0.687192118226601,0.687192118226601
