,gene,Cer,Acy,Sph,gene_Cer,gene_Acy,gene_Sph,Acy_Cer,Sph_Cer,Sph_Acy,gene_Acy_Cer,gene_Sph_Cer,gene_Sph_Acy,Cer_Acy_Sph,gene_Cer_Acy_Sph
logistic reg,0.6871921182266009,0.6931490603904396,0.6871921182266009,0.6871921182266009,0.6996305418719212,0.6871921182266009,0.6871921182266009,0.6931490603904396,0.6931490603904396,0.6871921182266009,0.7006305418719212,0.6996305418719212,0.6871921182266009,0.6931490603904396,0.7006305418719212
logistic reg-lasso,0.6871921182266009,0.6931490603904396,0.6871921182266009,0.6871921182266009,0.6996305418719212,0.6871921182266009,0.6871921182266009,0.6931490603904396,0.6931490603904396,0.6871921182266009,0.7006305418719212,0.6996305418719212,0.6871921182266009,0.6931490603904396,0.7006305418719212
linear-kernel svm,0.6871921182266009,0.7284878863826233,0.6808260704812429,0.6871921182266009,0.7044627938131776,0.6892386598908338,0.6871921182266009,0.7237586720424249,0.7460751681575479,0.6702450362120527,0.7419370172311348,0.7067012159554897,0.6760351966873706,0.7446859903381643,0.717736369910283
RBF-kernel svm,0.6871921182266009,0.6845466155810983,0.6871921182266009,0.6839901477832513,0.6823298668126255,0.6852216748768473,0.6831067323481117,0.6845466155810983,0.6845466155810983,0.6852216748768473,0.6845466155810983,0.6823298668126255,0.6772760445174238,0.6871921182266009,0.6871921182266009
RBF-kernel GPR,0.6871921182266009,0.6871921182266009,0.6871921182266009,0.6871921182266009,0.6931034482758621,0.6871921182266009,0.6871921182266009,0.6871921182266009,0.6871921182266009,0.6871921182266009,0.6931034482758621,0.6931034482758621,0.6871921182266009,0.6871921182266009,0.6931034482758621
matern-kernel GPR,0.6871921182266009,0.6871921182266009,0.6871921182266009,0.6871921182266009,0.6871921182266009,0.6871921182266009,0.6871921182266009,0.6871921182266009,0.6871921182266009,0.6871921182266009,0.6871921182266009,0.6871921182266009,0.6871921182266009,0.6871921182266009,0.6871921182266009
