,gene,Cer,Acy,Sph,gene_Cer,gene_Acy,gene_Sph,Acy_Cer,Sph_Cer,Sph_Acy,gene_Acy_Cer,gene_Sph_Cer,gene_Sph_Acy,Cer_Acy_Sph,gene_Cer_Acy_Sph
logistic reg,0.687192118226601,0.6938234179613489,0.687192118226601,0.687192118226601,0.6967411898446382,0.687192118226601,0.687192118226601,0.6938234179613489,0.6938234179613489,0.687192118226601,0.6967411898446382,0.6967411898446382,0.687192118226601,0.6938234179613489,0.6967411898446382
logistic reg-lasso,0.687192118226601,0.6938234179613489,0.687192118226601,0.687192118226601,0.6993052924087407,0.687192118226601,0.687192118226601,0.6938234179613489,0.6938234179613489,0.687192118226601,0.6993052924087407,0.6993052924087407,0.687192118226601,0.6938234179613489,0.6993052924087407
linear-kernel svm,0.687192118226601,0.7357971014492753,0.6981558671213844,0.687192118226601,0.7671173982386797,0.7510319917440661,0.687192118226601,0.75,0.7067926733830625,0.6925513581113025,0.7523684210526315,0.733015037593985,0.7807148946535136,0.7608018068887634,0.7526811145510836
RBF-kernel svm,0.687192118226601,0.6928571428571428,0.687192118226601,0.6970443349753694,0.6902116402116402,0.6842364532019705,0.6985221674876848,0.687192118226601,0.6928571428571428,0.687192118226601,0.6902116402116402,0.6902116402116402,0.6860346550001724,0.687192118226601,0.6928571428571428
RBF-kernel GPR,0.687192118226601,0.687192118226601,0.687192118226601,0.687192118226601,0.687192118226601,0.687192118226601,0.687192118226601,0.687192118226601,0.687192118226601,0.687192118226601,0.687192118226601,0.687192118226601,0.687192118226601,0.687192118226601,0.687192118226601
matern-kernel GPR,0.687192118226601,0.687192118226601,0.687192118226601,0.687192118226601,0.687192118226601,0.687192118226601,0.687192118226601,0.687192118226601,0.687192118226601,0.687192118226601,0.687192118226601,0.687192118226601,0.687192118226601,0.687192118226601,0.687192118226601
