,gene,Cer,Acy,Sph,gene_Cer,gene_Acy,gene_Sph,Acy_Cer,Sph_Cer,Sph_Acy,gene_Acy_Cer,gene_Sph_Cer,gene_Sph_Acy,Cer_Acy_Sph,gene_Cer_Acy_Sph
logistic reg,0.2739438339438339,0.050793650793650794,0.02,0.0,0.22776556776556775,0.25855921855921854,0.2739438339438339,0.07079365079365078,0.07079365079365078,0.0,0.1991941391941392,0.24315018315018314,0.25855921855921854,0.07079365079365078,0.24776556776556777
logistic reg-lasso,0.25855921855921854,0.050793650793650794,0.0,0.0,0.20776556776556773,0.25855921855921854,0.2739438339438339,0.07079365079365078,0.050793650793650794,0.0,0.20776556776556773,0.20776556776556773,0.25855921855921854,0.07079365079365078,0.20776556776556773
linear-kernel svm,0.25855921855921854,0.47357753357753357,0.0,0.0,0.43579975579975583,0.25855921855921854,0.25855921855921854,0.39594627594627596,0.4181929181929182,0.06857142857142857,0.3828083028083028,0.405030525030525,0.22998778998778996,0.3234432234432234,0.4028083028083028
RBF-kernel svm,0.22949938949938947,0.042222222222222223,0.05714285714285714,0.0,0.18776556776556777,0.25855921855921854,0.2739438339438339,0.0,0.050793650793650794,0.05714285714285714,0.15919413919413922,0.18776556776556777,0.2871306471306471,0.0,0.18776556776556777
RBF-kernel GPR,0.20092796092796092,0.10158730158730159,0.04857142857142857,0.0,0.2522100122100122,0.20092796092796092,0.20092796092796092,0.073015873015873,0.10158730158730159,0.04857142857142857,0.2522100122100122,0.2522100122100122,0.20092796092796092,0.073015873015873,0.2522100122100122
matern-kernel GPR,0.20092796092796092,0.02857142857142857,0.02857142857142857,0.0,0.18141636141636142,0.20092796092796092,0.20092796092796092,0.0,0.02857142857142857,0.0,0.18141636141636142,0.15284493284493283,0.22949938949938947,0.0,0.18141636141636142
