,gene,Cer,Acy,Sph,gene_Cer,gene_Acy,gene_Sph,Acy_Cer,Sph_Cer,Sph_Acy,gene_Acy_Cer,gene_Sph_Cer,gene_Sph_Acy,Cer_Acy_Sph,gene_Cer_Acy_Sph
logistic reg,0.22833333333333336,0.06666666666666667,0.02222222222222222,0.0,0.19777777777777777,0.25055555555555553,0.25055555555555553,0.04444444444444444,0.04444444444444444,0.02222222222222222,0.19777777777777777,0.19777777777777777,0.25055555555555553,0.04444444444444444,0.19777777777777777
logistic reg-lasso,0.22833333333333336,0.04444444444444444,0.02222222222222222,0.0,0.19777777777777777,0.25055555555555553,0.25055555555555553,0.04444444444444444,0.0,0.02222222222222222,0.19777777777777777,0.19777777777777777,0.25055555555555553,0.02222222222222222,0.19777777777777777
linear-kernel svm,0.25055555555555553,0.43999999999999995,0.02222222222222222,0.0,0.4527777777777778,0.25055555555555553,0.25055555555555553,0.41666666666666663,0.3977777777777778,0.08444444444444445,0.355,0.39722222222222225,0.2727777777777778,0.4338888888888889,0.45555555555555555
RBF-kernel svm,0.25055555555555553,0.04444444444444444,0.0,0.025,0.14777777777777776,0.2727777777777778,0.22000000000000003,0.0,0.0,0.0,0.10333333333333332,0.14222222222222222,0.2561111111111111,0.02222222222222222,0.12555555555555553
RBF-kernel GPR,0.22833333333333333,0.04722222222222222,0.042222222222222223,0.0,0.18388888888888888,0.2533333333333333,0.22833333333333333,0.06944444444444445,0.04722222222222222,0.042222222222222223,0.18388888888888888,0.20055555555555554,0.2533333333333333,0.06944444444444445,0.16166666666666665
matern-kernel GPR,0.22833333333333333,0.02222222222222222,0.042222222222222223,0.0,0.12,0.2533333333333333,0.22833333333333333,0.04444444444444444,0.02222222222222222,0.02222222222222222,0.10333333333333332,0.12,0.22833333333333333,0.02222222222222222,0.10333333333333332
