,gene,Cer,Acy,Sph,gene_Cer,gene_Acy,gene_Sph,Acy_Cer,Sph_Cer,Sph_Acy,gene_Acy_Cer,gene_Sph_Cer,gene_Sph_Acy,Cer_Acy_Sph,gene_Cer_Acy_Sph
logistic reg,0.2739438339438339,0.36280830280830284,0.11252747252747253,0.06222222222222222,0.35426129426129427,0.24998778998778998,0.2961660561660561,0.34058608058608064,0.36915750915750917,0.22996336996336994,0.3183638583638584,0.4004151404151404,0.24998778998778998,0.3513553113553114,0.35597069597069597
logistic reg-lasso,0.25855921855921854,0.37819291819291817,0.11252747252747253,0.06222222222222222,0.35426129426129427,0.20776556776556773,0.2961660561660561,0.34058608058608064,0.33597069597069595,0.2077411477411477,0.28297924297924293,0.38041514041514046,0.24998778998778998,0.39357753357753356,0.34742368742368746
linear-kernel svm,0.25855921855921854,0.4375579975579976,0.08156288156288156,0.0,0.542002442002442,0.2522100122100122,0.25855921855921854,0.39848595848595847,0.42214896214896214,0.11523809523809522,0.42485958485958486,0.519120879120879,0.31155067155067157,0.5042002442002442,0.43802197802197806
RBF-kernel svm,0.22949938949938947,0.07252747252747252,0.015384615384615385,0.0,0.14380952380952378,0.18141636141636142,0.2739438339438339,0.015384615384615385,0.12551892551892552,0.037606837606837605,0.07982905982905983,0.14551892551892553,0.1306227106227106,0.015384615384615385,0.0576068376068376
RBF-kernel GPR,0.20092796092796092,0.23555555555555557,0.0,0.0,0.21968253968253965,0.015384615384615385,0.166007326007326,0.48043956043956043,0.29438339438339434,0.0,0.48043956043956043,0.20549450549450549,0.0,0.35614163614163613,0.3698168498168498
matern-kernel GPR,0.20092796092796092,0.08,0.0,0.0,0.0,0.015384615384615385,0.07299145299145299,0.4342857142857143,0.1,0.0,0.32,0.02857142857142857,0.0,0.20888888888888885,0.2533333333333333
