,gene,Cer,Acy,Sph,gene_Cer,gene_Acy,gene_Sph,Acy_Cer,Sph_Cer,Sph_Acy,gene_Acy_Cer,gene_Sph_Cer,gene_Sph_Acy,Cer_Acy_Sph,gene_Cer_Acy_Sph
logistic reg,0.22833333333333336,0.41,0.12277777777777776,0.08944444444444444,0.4072222222222222,0.2561111111111111,0.3372222222222222,0.36222222222222217,0.43611111111111106,0.2066666666666667,0.35444444444444445,0.495,0.27888888888888885,0.43611111111111106,0.39944444444444444
logistic reg-lasso,0.22833333333333336,0.41,0.12277777777777776,0.08944444444444444,0.4072222222222222,0.2561111111111111,0.3372222222222222,0.36222222222222217,0.4138888888888889,0.22666666666666666,0.33222222222222225,0.47833333333333333,0.27888888888888885,0.43611111111111106,0.39944444444444444
linear-kernel svm,0.25055555555555553,0.36611111111111116,0.17833333333333334,0.0,0.5916666666666667,0.27055555555555555,0.25055555555555553,0.38166666666666665,0.46944444444444444,0.21222222222222217,0.48777777777777775,0.5166666666666667,0.2461111111111111,0.5205555555555555,0.6088888888888889
RBF-kernel svm,0.25055555555555553,0.03888888888888888,0.02222222222222222,0.0,0.07555555555555556,0.16166666666666665,0.2588888888888889,0.03888888888888888,0.08388888888888887,0.02222222222222222,0.05888888888888888,0.07888888888888888,0.16166666666666665,0.0811111111111111,0.0811111111111111
RBF-kernel GPR,0.22833333333333333,0.3322222222222222,0.0,0.025,0.18888888888888888,0.042222222222222223,0.13111111111111112,0.3877777777777778,0.23666666666666666,0.0,0.3844444444444444,0.1688888888888889,0.02,0.27111111111111114,0.29333333333333333
matern-kernel GPR,0.22833333333333333,0.02222222222222222,0.0,0.0,0.11111111111111112,0.02,0.13111111111111112,0.24888888888888888,0.0,0.0,0.18333333333333335,0.0,0.0,0.27111111111111114,0.16666666666666666
