,gene,Cer,Acy,Sph,gene_Cer,gene_Acy,gene_Sph,Acy_Cer,Sph_Cer,Sph_Acy,gene_Acy_Cer,gene_Sph_Cer,gene_Sph_Acy,Cer_Acy_Sph,gene_Cer_Acy_Sph
logistic reg,0.22222222222222224,0.02222222222222222,0.02222222222222222,0.0,0.20793650793650792,0.24444444444444446,0.22222222222222224,0.04444444444444444,0.02222222222222222,0.02222222222222222,0.23015873015873015,0.20793650793650792,0.24444444444444446,0.04444444444444444,0.23015873015873015
logistic reg-lasso,0.22222222222222224,0.02222222222222222,0.0,0.0,0.20793650793650792,0.24444444444444446,0.22222222222222224,0.04444444444444444,0.02222222222222222,0.0,0.23015873015873015,0.20793650793650792,0.24444444444444446,0.04444444444444444,0.20793650793650792
linear-kernel svm,0.22222222222222224,0.38095238095238093,0.0,0.0,0.3777777777777777,0.22222222222222224,0.22222222222222224,0.25555555555555554,0.33095238095238094,0.0,0.38809523809523805,0.3777777777777777,0.26666666666666666,0.25873015873015875,0.4103174603174603
RBF-kernel svm,0.25317460317460316,0.014285714285714285,0.0,0.03333333333333333,0.1126984126984127,0.26666666666666666,0.25317460317460316,0.0,0.02857142857142857,0.0,0.05952380952380952,0.09047619047619046,0.22857142857142856,0.02857142857142857,0.09047619047619046
RBF-kernel GPR,0.25317460317460316,0.016666666666666666,0.0,0.0,0.19126984126984128,0.30317460317460315,0.25317460317460316,0.016666666666666666,0.016666666666666666,0.02222222222222222,0.19126984126984128,0.19126984126984128,0.2365079365079365,0.016666666666666666,0.19126984126984128
matern-kernel GPR,0.25317460317460316,0.016666666666666666,0.0,0.0,0.19126984126984128,0.31984126984126987,0.25317460317460316,0.016666666666666666,0.016666666666666666,0.0,0.15793650793650793,0.15793650793650793,0.25317460317460316,0.016666666666666666,0.15793650793650793
