,gene,Cer,Acy,Sph,gene_Cer,gene_Acy,gene_Sph,Acy_Cer,Sph_Cer,Sph_Acy,gene_Acy_Cer,gene_Sph_Cer,gene_Sph_Acy,Cer_Acy_Sph,gene_Cer_Acy_Sph
logistic reg,0.23525252525252527,0.08333333333333333,0.016666666666666666,0.0,0.25191919191919193,0.25191919191919193,0.23525252525252527,0.08333333333333333,0.06666666666666667,0.016666666666666666,0.25191919191919193,0.25191919191919193,0.25191919191919193,0.08333333333333333,0.25191919191919193
logistic reg-lasso,0.23525252525252527,0.05,0.0,0.0,0.25191919191919193,0.25191919191919193,0.23525252525252527,0.06666666666666667,0.06666666666666667,0.0,0.25191919191919193,0.25191919191919193,0.25191919191919193,0.05,0.25191919191919193
linear-kernel svm,0.25191919191919193,0.35565656565656567,0.03888888888888888,0.0,0.4693939393939394,0.25191919191919193,0.25191919191919193,0.2834343434343434,0.2867676767676768,0.08888888888888888,0.36080808080808086,0.4505050505050505,0.27414141414141413,0.30343434343434345,0.4045454545454546
RBF-kernel svm,0.2901010101010101,0.03333333333333333,0.07555555555555556,0.0,0.14525252525252524,0.29414141414141415,0.2685858585858586,0.0,0.08484848484848484,0.02,0.1508080808080808,0.14676767676767674,0.29414141414141415,0.01818181818181818,0.1523232323232323
RBF-kernel GPR,0.2734343434343434,0.051515151515151514,0.016666666666666666,0.0,0.2734343434343435,0.3434343434343434,0.2734343434343434,0.0715151515151515,0.051515151515151514,0.016666666666666666,0.2734343434343435,0.2734343434343435,0.3234343434343434,0.0715151515151515,0.2734343434343435
matern-kernel GPR,0.2734343434343434,0.03333333333333333,0.016666666666666666,0.0,0.20191919191919191,0.3234343434343434,0.2901010101010101,0.03333333333333333,0.03333333333333333,0.016666666666666666,0.1819191919191919,0.20191919191919191,0.3234343434343434,0.03333333333333333,0.20191919191919191
