,gene,Cer,Acy,Sph,gene_Cer,gene_Acy,gene_Sph,Acy_Cer,Sph_Cer,Sph_Acy,gene_Acy_Cer,gene_Sph_Cer,gene_Sph_Acy,Cer_Acy_Sph,gene_Cer_Acy_Sph
logistic reg,0.22222222222222224,0.2547619047619048,0.1952380952380952,0.09047619047619046,0.28095238095238095,0.292063492063492,0.326984126984127,0.2611111111111111,0.33174603174603173,0.24047619047619045,0.29523809523809524,0.4,0.28888888888888886,0.3595238095238095,0.3325396825396826
logistic reg-lasso,0.22222222222222224,0.23809523809523808,0.17857142857142855,0.09047619047619046,0.26666666666666666,0.292063492063492,0.2698412698412699,0.2611111111111111,0.33174603174603173,0.22380952380952376,0.27301587301587305,0.4,0.2865079365079365,0.3206349206349206,0.33492063492063495
linear-kernel svm,0.22222222222222224,0.41904761904761906,0.1619047619047619,0.0,0.4111111111111111,0.23888888888888887,0.22222222222222224,0.28015873015873016,0.39047619047619053,0.27142857142857146,0.4103174603174603,0.423015873015873,0.22222222222222224,0.3793650793650794,0.45714285714285713
RBF-kernel svm,0.25317460317460316,0.10238095238095238,0.03333333333333333,0.0,0.08571428571428572,0.12936507936507935,0.3055555555555555,0.02857142857142857,0.13015873015873014,0.05,0.02857142857142857,0.10793650793650793,0.0865079365079365,0.02857142857142857,0.02857142857142857
RBF-kernel GPR,0.25317460317460316,0.2841269841269841,0.0,0.0,0.31746031746031744,0.0,0.1007936507936508,0.3896825396825397,0.3968253968253968,0.0,0.3396825396825397,0.016666666666666666,0.0,0.31587301587301586,0.16349206349206347
matern-kernel GPR,0.25317460317460316,0.0,0.0,0.0,0.08571428571428572,0.0,0.1007936507936508,0.20952380952380953,0.0,0.0,0.13650793650793652,0.08571428571428572,0.0,0.13015873015873014,0.08571428571428572
