,gene,Cer,Acy,Sph,gene_Cer,gene_Acy,gene_Sph,Acy_Cer,Sph_Cer,Sph_Acy,gene_Acy_Cer,gene_Sph_Cer,gene_Sph_Acy,Cer_Acy_Sph,gene_Cer_Acy_Sph
logistic reg,0.23525252525252527,0.30858585858585863,0.13444444444444445,0.03333333333333333,0.37898989898989904,0.2974747474747475,0.2916161616161616,0.2737373737373737,0.4457575757575758,0.13595959595959597,0.3845454545454545,0.4727272727272728,0.3171717171717172,0.4616161616161616,0.4616161616161616
logistic reg-lasso,0.23525252525252527,0.30858585858585863,0.13444444444444445,0.03333333333333333,0.37676767676767675,0.2974747474747475,0.2916161616161616,0.31262626262626264,0.4457575757575758,0.13595959595959597,0.3623232323232323,0.4727272727272728,0.3171717171717172,0.4616161616161616,0.4434343434343434
linear-kernel svm,0.25191919191919193,0.4502020202020202,0.17262626262626263,0.0,0.4982828282828283,0.2885858585858586,0.25191919191919193,0.3116161616161616,0.45838383838383845,0.2481818181818182,0.44272727272727275,0.567979797979798,0.2919191919191919,0.41868686868686866,0.572020202020202
RBF-kernel svm,0.2901010101010101,0.10484848484848483,0.0,0.016666666666666666,0.16373737373737374,0.19303030303030302,0.27010101010101006,0.038181818181818185,0.1415151515151515,0.016666666666666666,0.038181818181818185,0.1415151515151515,0.16303030303030303,0.038181818181818185,0.07484848484848486
RBF-kernel GPR,0.2734343434343434,0.2577777777777778,0.0,0.0,0.15555555555555553,0.0,0.15191919191919193,0.3919191919191919,0.202020202020202,0.0,0.35858585858585856,0.2616161616161616,0.0,0.25303030303030305,0.21010101010101007
matern-kernel GPR,0.2734343434343434,0.15555555555555553,0.0,0.0,0.18888888888888888,0.0,0.13191919191919194,0.2919191919191919,0.11111111111111112,0.0,0.1919191919191919,0.16666666666666666,0.0,0.16969696969696968,0.15858585858585858
