,gene,TG,Cer,DG,gene_TG,gene_Cer,gene_DG,TG_Cer,TG_DG,DG_Cer,gene_TG_Cer,gene_TG_DG,gene_DG_Cer,TG_Cer_DG,gene_TG_Cer_DG
logistic reg,0.3952214452214452,0.48,0.575,0.575,0.45999999999999996,0.5,0.575,0.4515151515151515,0.5,0.5823232323232322,0.4515151515151515,0.5,0.5823232323232322,0.4583333333333333,0.4583333333333333
logistic reg-lasso,0.3952214452214452,0.48,0.5083333333333333,0.575,0.48,0.5,0.575,0.47948717948717945,0.43888888888888894,0.5962121212121212,0.47948717948717945,0.43888888888888894,0.5962121212121212,0.4916666666666666,0.4916666666666666
linear-kernel svm,0.3952214452214452,0.45999999999999996,0.47055555555555556,0.625,0.48,0.4833333333333333,0.6690909090909091,0.4292929292929292,0.45499999999999996,0.5838095238095238,0.4483405483405483,0.5,0.5932539682539681,0.4654761904761905,0.47619047619047616
RBF-kernel svm,0.387948717948718,0.2506993006993007,0.5119047619047619,0.5650000000000001,0.2506993006993007,0.49523809523809526,0.5583333333333333,0.5017094017094017,0.5261538461538462,0.5207570207570208,0.5017094017094017,0.5261538461538462,0.531868131868132,0.5077700077700078,0.5077700077700078
RBF-kernel GPR,0.3952214452214452,0.46691919191919184,0.48571428571428565,0.49318181818181817,0.4722222222222222,0.49523809523809526,0.5042929292929292,0.4742857142857143,0.5178571428571429,0.534920634920635,0.4838095238095238,0.5178571428571429,0.534920634920635,0.4542857142857143,0.4542857142857143
matern-kernel GPR,0.3952214452214452,0.4984126984126984,0.4972222222222221,0.48484848484848475,0.4984126984126984,0.48769841269841263,0.502020202020202,0.525,0.5361904761904761,0.5488095238095237,0.525,0.5361904761904761,0.5488095238095237,0.5454761904761904,0.5383333333333333
