,gene,TG,Cer,DG,gene_TG,gene_Cer,gene_DG,TG_Cer,TG_DG,DG_Cer,gene_TG_Cer,gene_TG_DG,gene_DG_Cer,TG_Cer_DG,gene_TG_Cer_DG
logistic reg,0.5642124542124541,0.3928571428571429,0.5228571428571429,0.6044444444444446,0.4166666666666667,0.5157142857142858,0.6056349206349206,0.4272222222222222,0.43666666666666665,0.5133333333333334,0.4272222222222222,0.45714285714285713,0.5416666666666666,0.4682539682539682,0.4682539682539682
logistic reg-lasso,0.5642124542124541,0.4019480519480519,0.5323809523809524,0.5699206349206349,0.4162337662337662,0.5085714285714286,0.6261904761904762,0.425,0.4019047619047619,0.5683333333333334,0.425,0.4019047619047619,0.5483333333333332,0.4682539682539682,0.4682539682539682
linear-kernel svm,0.5642124542124541,0.3844155844155844,0.5599999999999999,0.5666666666666667,0.4415584415584415,0.5264285714285715,0.596111111111111,0.4317460317460317,0.4471428571428572,0.4978571428571429,0.4257936507936508,0.5114285714285713,0.5761904761904761,0.4506349206349206,0.4611111111111111
RBF-kernel svm,0.5642124542124541,0.49853535353535355,0.5802197802197802,0.6186507936507937,0.48353535353535354,0.5735531135531134,0.6334126984126984,0.5186147186147185,0.5024242424242424,0.6089177489177489,0.5252813852813852,0.48686868686868684,0.645887445887446,0.49694805194805197,0.49694805194805197
RBF-kernel GPR,0.5642124542124541,0.45714285714285713,0.5493650793650794,0.4928571428571429,0.45714285714285713,0.5507936507936508,0.48701298701298706,0.425,0.462063492063492,0.4333333333333333,0.4428571428571429,0.462063492063492,0.5833333333333333,0.4714285714285714,0.4714285714285714
matern-kernel GPR,0.5642124542124541,0.4527777777777778,0.5678571428571428,0.5246031746031746,0.4461111111111111,0.5678571428571428,0.5031746031746032,0.4604978354978355,0.4761111111111111,0.5833333333333333,0.4604978354978355,0.45944444444444443,0.5833333333333333,0.4735714285714286,0.4735714285714286
