,gene,TG,Cer,DG,gene_TG,gene_Cer,gene_DG,TG_Cer,TG_DG,DG_Cer,gene_TG_Cer,gene_TG_DG,gene_DG_Cer,TG_Cer_DG,gene_TG_Cer_DG
logistic reg,0.5888111888111889,0.5190476190476191,0.5888888888888888,0.5805555555555555,0.5190476190476191,0.5833333333333333,0.5866666666666667,0.4572222222222222,0.48611111111111105,0.5517460317460318,0.4572222222222222,0.4718253968253968,0.5584126984126984,0.5152380952380952,0.539047619047619
logistic reg-lasso,0.5888111888111889,0.539047619047619,0.5809523809523809,0.5577777777777777,0.5307142857142857,0.5871428571428572,0.5866666666666667,0.45999999999999996,0.4603174603174603,0.5822222222222223,0.45999999999999996,0.48888888888888893,0.5933333333333335,0.4853968253968254,0.4853968253968254
linear-kernel svm,0.5888111888111889,0.5362698412698413,0.5166666666666667,0.5694444444444444,0.5122655122655122,0.6968253968253968,0.5592857142857142,0.4738888888888889,0.5057142857142857,0.5398412698412699,0.4705555555555555,0.5225396825396824,0.6323015873015873,0.5234920634920635,0.4834920634920635
RBF-kernel svm,0.5738461538461539,0.5277056277056277,0.5928571428571429,0.6233766233766234,0.5277056277056277,0.6188672438672439,0.5576623376623376,0.5317099567099567,0.5263131313131313,0.595,0.5324675324675324,0.5154040404040404,0.5874242424242424,0.5040909090909091,0.5040909090909091
RBF-kernel GPR,0.5888111888111889,0.5068686868686869,0.5369047619047619,0.4666666666666666,0.5068686868686869,0.5369047619047619,0.4893217893217893,0.40214285714285714,0.5765151515151514,0.52,0.4333333333333333,0.5765151515151514,0.5672727272727273,0.43999999999999995,0.43999999999999995
matern-kernel GPR,0.5888111888111889,0.5289321789321789,0.5819047619047619,0.48666666666666664,0.5289321789321789,0.589047619047619,0.5004329004329005,0.545,0.577027417027417,0.5633766233766233,0.545,0.577027417027417,0.5842857142857143,0.5168253968253969,0.5257142857142857
