,gene,TG,Cer,DG,gene_TG,gene_Cer,gene_DG,TG_Cer,TG_DG,DG_Cer,gene_TG_Cer,gene_TG_DG,gene_DG_Cer,TG_Cer_DG,gene_TG_Cer_DG
logistic reg,0.58,0.4743939393939394,0.45,0.575,0.48391774891774897,0.45,0.5794444444444444,0.4337662337662338,0.5793650793650793,0.5168831168831168,0.4261904761904762,0.5793650793650793,0.5226190476190475,0.45415584415584415,0.45415584415584415
logistic reg-lasso,0.58,0.48666666666666664,0.4635714285714285,0.5805555555555555,0.4961904761904761,0.4635714285714285,0.5794444444444444,0.44761904761904764,0.5687590187590188,0.5607142857142857,0.44761904761904764,0.5287590187590188,0.5673809523809523,0.46367965367965364,0.46367965367965364
linear-kernel svm,0.58,0.5190476190476191,0.5095238095238095,0.5888888888888889,0.48166666666666674,0.5366666666666667,0.5803030303030303,0.43952380952380954,0.5761172161172161,0.5555555555555556,0.4595238095238095,0.5588888888888889,0.513095238095238,0.43666666666666665,0.43666666666666665
RBF-kernel svm,0.5701298701298702,0.5453823953823954,0.5544444444444444,0.5921717171717171,0.5211399711399711,0.5944444444444444,0.5794444444444444,0.48783216783216776,0.5384415584415584,0.6166666666666667,0.48783216783216776,0.5289177489177489,0.6166666666666667,0.5011655011655012,0.5011655011655012
RBF-kernel GPR,0.5761904761904761,0.46558441558441566,0.6069047619047618,0.5242857142857142,0.4727272727272728,0.5869047619047618,0.5028571428571429,0.49523809523809514,0.5274603174603174,0.5333333333333333,0.49523809523809514,0.5274603174603174,0.539047619047619,0.5023809523809523,0.5023809523809523
matern-kernel GPR,0.58,0.48796536796536794,0.5859090909090909,0.5033333333333333,0.48796536796536794,0.5859090909090909,0.49333333333333335,0.4733333333333333,0.5289177489177489,0.5842424242424242,0.4733333333333333,0.5289177489177489,0.5842424242424242,0.47714285714285704,0.47714285714285704
