,gene,Cer,Acy,Sph,gene_Cer,gene_Acy,gene_Sph,Acy_Cer,Sph_Cer,Sph_Acy,gene_Acy_Cer,gene_Sph_Cer,gene_Sph_Acy,Cer_Acy_Sph,gene_Cer_Acy_Sph
logistic reg,0.7188034188034188,0.6791403028644408,0.6709359605911331,0.6667487684729064,0.712013468013468,0.7184689706428837,0.7188034188034188,0.6791403028644408,0.6727927245168625,0.6709359605911331,0.7153069153069154,0.712013468013468,0.7213675213675214,0.6791403028644408,0.7153069153069154
logistic reg-lasso,0.7188034188034188,0.6696588213829594,0.6667487684729064,0.6667487684729064,0.712013468013468,0.7184689706428837,0.7188034188034188,0.6742172259413639,0.6742172259413639,0.6667487684729064,0.7131530691530691,0.712013468013468,0.7213675213675214,0.6696588213829594,0.7153069153069154
linear-kernel svm,0.7118437118437119,0.6927738927738927,0.6689086775293672,0.6667487684729064,0.7367048632780898,0.7118437118437119,0.7118437118437119,0.6524866310160428,0.6753907496012759,0.6678708264915161,0.6873976608187135,0.7260127591706539,0.7186176142697882,0.6728787878787879,0.7028437461941298
RBF-kernel svm,0.7182539682539683,0.6696665403561954,0.6784163473818646,0.6606185002736729,0.6986772486772487,0.7234265734265735,0.7192136752136752,0.6636836343732895,0.6805615763546798,0.6675697865353036,0.7031135531135531,0.7015372545717373,0.7294871794871794,0.6681171319102355,0.7033984533984535
RBF-kernel GPR,0.7224444444444444,0.6755245393176429,0.6709359605911331,0.6582375478927204,0.7260673400673401,0.7388759388759388,0.7251111111111112,0.6802043422733078,0.6755245393176429,0.6709359605911331,0.7273900913900915,0.7273900913900915,0.7348232379536728,0.6802043422733078,0.7273900913900915
matern-kernel GPR,0.7224444444444444,0.671091041780697,0.6709359605911331,0.663793103448276,0.7103597883597883,0.7321565712870061,0.7304444444444445,0.671091041780697,0.6724137931034482,0.6709359605911331,0.7048213268213268,0.7103597883597883,0.7348232379536728,0.671091041780697,0.7103597883597883
