,gene,Cer,Acy,Sph,gene_Cer,gene_Acy,gene_Sph,Acy_Cer,Sph_Cer,Sph_Acy,gene_Acy_Cer,gene_Sph_Cer,gene_Sph_Acy,Cer_Acy_Sph,gene_Cer_Acy_Sph
logistic reg,0.718040293040293,0.6670006876903429,0.6724137931034482,0.6674876847290641,0.7050940170940171,0.7212995522995522,0.718040293040293,0.6741231948128499,0.6687100893997446,0.6724137931034482,0.7134814814814815,0.7050940170940171,0.7234533984533985,0.6741231948128499,0.7134814814814815
logistic reg-lasso,0.718040293040293,0.6687100893997446,0.6674876847290641,0.6674876847290641,0.7050940170940171,0.7234533984533985,0.718040293040293,0.6741231948128499,0.6687100893997446,0.6674876847290641,0.7134814814814815,0.7050940170940171,0.7234533984533985,0.6741231948128499,0.7079430199430199
linear-kernel svm,0.718040293040293,0.7098571428571429,0.6601280788177339,0.6674876847290641,0.7176811594202899,0.718040293040293,0.718040293040293,0.6580676328502415,0.7007002801120448,0.6534630120837017,0.7065042284856526,0.7175776397515529,0.7264505494505495,0.6731601731601732,0.7151010101010101
RBF-kernel svm,0.7201078921078922,0.6695949644225505,0.6539978106185004,0.6646498179481688,0.6888888888888889,0.7201428571428571,0.7260391782130913,0.6659003831417625,0.671319102353585,0.6629447181171318,0.6792008757525998,0.683607006020799,0.7092962962962963,0.671319102353585,0.683607006020799
RBF-kernel GPR,0.7201078921078922,0.670087575259989,0.6623152709359605,0.6645320197044334,0.7035555555555556,0.7262104562104562,0.7201078921078922,0.670087575259989,0.670087575259989,0.6685732530560117,0.7051428571428572,0.7035555555555556,0.7121078921078922,0.670087575259989,0.7065673585673586
matern-kernel GPR,0.7201078921078922,0.670087575259989,0.6652709359605911,0.6674876847290641,0.7088465608465608,0.7312104562104561,0.7201078921078922,0.6716748768472905,0.6716748768472905,0.6674876847290641,0.6993650793650794,0.6993650793650794,0.7232699474438605,0.6716748768472905,0.6993650793650794
