,gene,Cer,Acy,Sph,gene_Cer,gene_Acy,gene_Sph,Acy_Cer,Sph_Cer,Sph_Acy,gene_Acy_Cer,gene_Sph_Cer,gene_Sph_Acy,Cer_Acy_Sph,gene_Cer_Acy_Sph
logistic reg,0.7207014032666207,0.6842105263157896,0.6649767655854613,0.6616268788682581,0.7013083889682356,0.6942249923989054,0.7266280016280016,0.6934776334776335,0.6923809523809523,0.6862121212121213,0.6880325814536341,0.7202574948570373,0.6863593073593075,0.7130189727712948,0.7130626566416038
logistic reg-lasso,0.7229871175523349,0.7012356979405034,0.6662881208968165,0.6616268788682581,0.7013083889682356,0.6833771043771044,0.7266280016280016,0.6927680162974279,0.6832080200501254,0.6800395256916996,0.6752663476874002,0.7168319349097381,0.6887308488612837,0.7261521066092341,0.7097666894508999
linear-kernel svm,0.725074074074074,0.6993977591036414,0.6531359320339829,0.6667487684729064,0.7444444444444445,0.7034806674806675,0.725074074074074,0.691127819548872,0.6809243697478992,0.6580133071437418,0.7134830382895399,0.7476292335115866,0.7116517138256269,0.7346531100478468,0.7286601118180066
RBF-kernel svm,0.7063680699332874,0.6699212664729906,0.6675150519978107,0.6590344827586206,0.6877717734539323,0.707010582010582,0.7233068783068782,0.6675150519978107,0.6902061667578909,0.663552411828274,0.682634415393036,0.6980449945967188,0.6948571428571428,0.6675150519978107,0.6772213099799307
RBF-kernel GPR,0.7016857956857956,0.670705942575271,0.6667487684729064,0.661178476695718,0.6664938959091883,0.6706896551724139,0.6968660968660969,0.6836670295648624,0.6954006890112366,0.6667487684729064,0.69455584663015,0.6811149747255223,0.6667487684729064,0.667062687143823,0.6846817347628706
matern-kernel GPR,0.7016857956857956,0.6725563909774437,0.6667487684729064,0.6667487684729064,0.6667487684729064,0.6706896551724139,0.6788359788359789,0.6992750150458061,0.6857142857142857,0.6667487684729064,0.7232189266672026,0.672167487684729,0.6667487684729064,0.6862745098039216,0.7094017094017093
