,gene,Cer,Acy,Sph,gene_Cer,gene_Acy,gene_Sph,Acy_Cer,Sph_Cer,Sph_Acy,gene_Acy_Cer,gene_Sph_Cer,gene_Sph_Acy,Cer_Acy_Sph,gene_Cer_Acy_Sph
logistic reg,0.7166666666666666,0.722232210962188,0.6682022792022793,0.6681724137931034,0.7276936026936027,0.7179815755902712,0.7391884057971015,0.6959193438140806,0.73076726342711,0.67414653784219,0.7000159489633174,0.7614193999491482,0.7062225053529402,0.7310144927536232,0.7230701754385965
logistic reg-lasso,0.7166666666666666,0.7238643283400317,0.6703561253561254,0.6681724137931034,0.7418240374762114,0.7198334274421231,0.7391884057971015,0.7009861610548109,0.7222705314009662,0.6864798711755233,0.702591706539075,0.7579106280193237,0.7062225053529402,0.736055752028292,0.728984962406015
linear-kernel svm,0.7173355629877369,0.6697493734335839,0.6725384615384615,0.6665024630541871,0.7809150326797385,0.7090771547293285,0.7173355629877369,0.6860618569596897,0.7103443340285446,0.6628532819837167,0.7223809523809523,0.7491031767398034,0.7002164459830365,0.7496528308293013,0.7742168048669595
RBF-kernel svm,0.7173355629877369,0.6612114577631819,0.6694581280788177,0.6665024630541871,0.6760474365991607,0.7025437525437526,0.7205840455840457,0.6515480831013065,0.6741744207261448,0.6613363647846406,0.6563099878632113,0.6791398256915497,0.7025437525437526,0.6676196089989193,0.6697360111153214
RBF-kernel GPR,0.7155384615384615,0.7040469996991736,0.6665024630541871,0.6656748768472907,0.6837518803036045,0.6761904761904762,0.6918382383899625,0.6536750968329915,0.7022022602144307,0.6665024630541871,0.6686688311688311,0.6812865497076024,0.6712643678160919,0.6671175950486294,0.6960919540229884
matern-kernel GPR,0.7106688963210701,0.6693121693121693,0.6665024630541871,0.6665024630541871,0.6764703536028399,0.6712643678160919,0.6938325403842646,0.6624077434966728,0.6665024630541871,0.6665024630541871,0.6799014778325123,0.6665024630541871,0.6665024630541871,0.6704509283819629,0.6681721545242416
