,gene,Cer,Acy,Sph,gene_Cer,gene_Acy,gene_Sph,Acy_Cer,Sph_Cer,Sph_Acy,gene_Acy_Cer,gene_Sph_Cer,gene_Sph_Acy,Cer_Acy_Sph,gene_Cer_Acy_Sph
logistic reg,0.718040293040293,0.6942216982949247,0.6806984126984127,0.6580893015030945,0.6987986270022882,0.7073355629877369,0.739768115942029,0.6735990338164252,0.7021155315272962,0.6809068950373298,0.6835130811217768,0.7253984764282246,0.7064404291360813,0.7070793701295788,0.7116883116883116
logistic reg-lasso,0.718040293040293,0.6849158249158249,0.6763709273182957,0.6580893015030945,0.6941319603356216,0.7118410574932315,0.7302443064182194,0.6752894158981115,0.7073597899684856,0.6733045558560432,0.6797023947919089,0.7320651430948913,0.7084404291360814,0.6978919631093543,0.7175607001693958
linear-kernel svm,0.718040293040293,0.7140083701464776,0.6580156891251344,0.6674876847290641,0.6994402673350042,0.6913278750235272,0.718040293040293,0.6354015473466275,0.7019413919413919,0.6740160183066362,0.6836226037464428,0.7231818181818183,0.6944983277591973,0.6909774436090226,0.7320802005012531
RBF-kernel svm,0.7201078921078922,0.6733793103448276,0.6581280788177339,0.6542463054187191,0.6743316912972086,0.6954319116388081,0.72367411171759,0.6666540356195528,0.6889590613728546,0.6617816091954023,0.6680223990568818,0.6818219022356955,0.6785714285714285,0.6696097006441833,0.6696097006441833
RBF-kernel GPR,0.7201078921078922,0.6739106259563716,0.6652709359605911,0.6674876847290641,0.6913813861902898,0.6652709359605911,0.6857234081372012,0.6371491228070175,0.7027457276363009,0.6674876847290641,0.6281131750945992,0.6454844006568144,0.6674876847290641,0.6023809523809524,0.6432214749178559
matern-kernel GPR,0.7201078921078922,0.6659003831417625,0.6674876847290641,0.6674876847290641,0.6671174216813162,0.6674876847290641,0.6857234081372012,0.6848951994590939,0.6659003831417625,0.6674876847290641,0.6794126315424489,0.6736582836401348,0.6674876847290641,0.6484674329501916,0.6720709820528332
