,gene,Cer,Acy,Sph,gene_Cer,gene_Acy,gene_Sph,Acy_Cer,Sph_Cer,Sph_Acy,gene_Acy_Cer,gene_Sph_Cer,gene_Sph_Acy,Cer_Acy_Sph,gene_Cer_Acy_Sph
logistic reg,0.7207014032666207,0.6731435869366904,0.6714285714285715,0.6667487684729064,0.7040732600732601,0.7240740740740741,0.7261729751729751,0.675626289419393,0.6779054916985952,0.6667487684729064,0.7008253968253968,0.7117655677655678,0.7240740740740741,0.6779054916985952,0.7134920634920635
logistic reg-lasso,0.7229871175523349,0.6731435869366904,0.6667487684729064,0.6667487684729064,0.6985347985347985,0.7240740740740741,0.7261729751729751,0.6779054916985952,0.6731435869366904,0.6667487684729064,0.7019536019536019,0.7019536019536019,0.7240740740740741,0.6779054916985952,0.7019536019536019
linear-kernel svm,0.725074074074074,0.726025580886262,0.6589617279272451,0.6667487684729064,0.7267149758454107,0.725074074074074,0.725074074074074,0.7023823144818568,0.700440466041489,0.6651881324295117,0.7034161490683231,0.7142583732057417,0.7124798711755234,0.655889724310777,0.7068922305764411
RBF-kernel svm,0.7063680699332874,0.6702349374763168,0.6649723839379011,0.6618037135278514,0.7059310344827586,0.718794570968484,0.7217883597883599,0.6667487684729064,0.6710089399744572,0.6669486685228814,0.6992527472527472,0.7079310344827586,0.7266997093084049,0.6667487684729064,0.7057142857142857
RBF-kernel GPR,0.7016857956857956,0.6842364532019705,0.6706622879036672,0.6667487684729064,0.7123621949708906,0.6993048433048432,0.7016857956857956,0.6805327494982667,0.6879401569056741,0.6728790366721401,0.7136955283042239,0.7141737891737892,0.6993048433048432,0.6821200510855683,0.7155071225071225
matern-kernel GPR,0.7016857956857956,0.672167487684729,0.6683634373289546,0.6667487684729064,0.7024114774114774,0.6993048433048432,0.7016857956857956,0.6667487684729064,0.672167487684729,0.6650246305418719,0.7024114774114774,0.6964285714285714,0.7060740740740741,0.6667487684729064,0.7038359788359788
