,gene,Cer,Acy,Sph,gene_Cer,gene_Acy,gene_Sph,Acy_Cer,Sph_Cer,Sph_Acy,gene_Acy_Cer,gene_Sph_Cer,gene_Sph_Acy,Cer_Acy_Sph,gene_Cer_Acy_Sph
logistic reg,0.7188034188034188,0.6786190476190476,0.6812917771883289,0.6631903218110113,0.6987012987012987,0.7199230769230769,0.7308062678062679,0.6774430199430199,0.718124098124098,0.652812404986318,0.7114035087719298,0.7361454146876142,0.7130713489409142,0.7331521739130434,0.7378713698918302
logistic reg-lasso,0.7188034188034188,0.6810805860805861,0.6812917771883289,0.6631903218110113,0.712971342383107,0.7199230769230769,0.7308062678062679,0.6864175225645814,0.7272557507851626,0.652812404986318,0.7089122807017544,0.738795518207283,0.7130713489409142,0.7326878577517963,0.7337541103397881
linear-kernel svm,0.7118437118437119,0.7105392156862744,0.6814900461856983,0.6667487684729064,0.7465254044201413,0.7197064288368635,0.7118437118437119,0.646031746031746,0.7053205308623266,0.6793722943722944,0.7222705314009662,0.7727318295739348,0.7145502645502646,0.6943550051599587,0.768015873015873
RBF-kernel svm,0.7182539682539683,0.6733618233618234,0.6636836343732895,0.657840722495895,0.6903133903133903,0.7072242572242573,0.7205376845376846,0.670415982484948,0.6918095238095239,0.663080852736025,0.670415982484948,0.6918095238095239,0.7004680504680504,0.670415982484948,0.682010582010582
RBF-kernel GPR,0.7224444444444444,0.6703989181879648,0.6667487684729064,0.6667487684729064,0.6714850005337889,0.6667487684729064,0.702210433244916,0.6537587412587412,0.6728372655777373,0.6667487684729064,0.655257229982294,0.6824347887975517,0.6667487684729064,0.634920634920635,0.6517180137869792
matern-kernel GPR,0.7224444444444444,0.6697994140184809,0.6667487684729064,0.6667487684729064,0.6782961460446246,0.6667487684729064,0.6967973278318106,0.6472932240173619,0.6636418632788869,0.6667487684729064,0.6509866524227765,0.6724137931034483,0.6667487684729064,0.6324028461959497,0.6440800578731612
