,gene,Cer,Acy,Sph,gene_Cer,gene_Acy,gene_Sph,Acy_Cer,Sph_Cer,Sph_Acy,gene_Acy_Cer,gene_Sph_Cer,gene_Sph_Acy,Cer_Acy_Sph,gene_Cer_Acy_Sph
logistic reg,0.7166666666666666,0.6753811348294106,0.6714285714285715,0.6665024630541871,0.70316091954023,0.7261922457574631,0.7263532763532764,0.6703546798029556,0.6698426732909492,0.6714285714285715,0.7041185561065622,0.7059301503094606,0.7261922457574631,0.6698426732909492,0.7065800945681006
logistic reg-lasso,0.7166666666666666,0.6725085259568018,0.6714285714285715,0.6665024630541871,0.7059301503094606,0.7261922457574631,0.7263532763532764,0.6703546798029556,0.6620689655172414,0.6714285714285715,0.7059301503094606,0.7059301503094606,0.7261922457574631,0.6648162182644941,0.7083916887709991
linear-kernel svm,0.7173355629877369,0.7393484848484848,0.6590062111801243,0.6665024630541871,0.7336048265460031,0.7173355629877369,0.7173355629877369,0.7242171717171717,0.7098751490055838,0.6513628899835797,0.6997727438801608,0.7201963241436926,0.7133207181834184,0.7168253968253968,0.7364444444444445
RBF-kernel svm,0.7173355629877369,0.6647144681627439,0.6572888159095056,0.6553108061353938,0.6955894909688012,0.7221347702217268,0.713263483642794,0.6613300492610837,0.659688013136289,0.6592592592592592,0.6839199752992856,0.6942634836427939,0.7192914653784219,0.6666666666666667,0.6869968983762088
RBF-kernel GPR,0.7155384615384615,0.6699886320575976,0.6687407407407407,0.6610079575596817,0.7016923076923077,0.7194273504273504,0.7132051282051282,0.679410691479657,0.6722678343367998,0.6687407407407407,0.7016923076923077,0.706923076923077,0.7194273504273504,0.679410691479657,0.6983956043956044
matern-kernel GPR,0.7106688963210701,0.6670954205436964,0.6715099715099715,0.6638569604086846,0.6883798857591962,0.7194273504273504,0.7106688963210701,0.6721218755701515,0.6670954205436964,0.6638176638176638,0.6860363774156878,0.6883798857591962,0.7138717948717949,0.6692118226600985,0.6860363774156878
