,gene,TG,Cer,DG,gene_TG,gene_Cer,gene_DG,TG_Cer,TG_DG,DG_Cer,gene_TG_Cer,gene_TG_DG,gene_DG_Cer,TG_Cer_DG,gene_TG_Cer_DG
logistic reg,0.5519805194805194,0.4534467120181406,0.42462791177076886,0.5730442176870748,0.4411167800453515,0.4338955885384457,0.6102605132962275,0.36813801278086994,0.4843212739641311,0.4755612244897959,0.35942589156874877,0.4757101628530199,0.480561224489796,0.3767877757163471,0.385676664605236
logistic reg-lasso,0.5699603174603174,0.44072201607915884,0.42860853432282003,0.5775896722325293,0.43183312719027,0.4244258915687487,0.6108253452896311,0.3680117501546073,0.4621428571428572,0.47962688105545254,0.3635673057101628,0.46224386724386723,0.48398629148629146,0.3950293753865183,0.3950293753865183
linear-kernel svm,0.568924963924964,0.45926149247577824,0.40742836528550813,0.44629921665635947,0.5310575139146568,0.44882910740053605,0.6585088126159555,0.4511245104102247,0.47843485879200165,0.5338582251082251,0.4679772211915069,0.4375005153576582,0.5205426716141002,0.4886791383219954,0.4643416305916306
RBF-kernel svm,0.5701623376623377,0.45878736343022053,0.20148062255205113,0.3740543186971758,0.42099360956503806,0.5374309420737993,0.39040532879818596,0.3402819006390434,0.45029323850752423,0.3480663780663781,0.37645949288806435,0.43787827252112965,0.3605823541537827,0.3519712430426716,0.4713368377654092
RBF-kernel GPR,0.55683312719027,0.4844810348381777,0.6066573902288188,0.5358219954648527,0.49781436817151103,0.6019351680065965,0.5356377551020408,0.581540404040404,0.5045660688517831,0.6067027417027416,0.581540404040404,0.5086477015048444,0.6111471861471861,0.5883585858585858,0.5883585858585858
matern-kernel GPR,0.5767911255411254,0.506062667491239,0.6285260770975056,0.5250443207586064,0.5105071119356833,0.6285260770975056,0.49741213151927444,0.4452886002886003,0.5147588126159556,0.6063930117501546,0.4411219336219336,0.5147588126159556,0.6063930117501546,0.48040558647701503,0.4759611420325706
