,gene,TG,Cer,DG,gene_TG,gene_Cer,gene_DG,TG_Cer,TG_DG,DG_Cer,gene_TG_Cer,gene_TG_DG,gene_DG_Cer,TG_Cer_DG,gene_TG_Cer_DG
logistic reg,0.5725882054453483,0.4421166769738198,0.45588265702551417,0.6756990311276025,0.4380350443207586,0.46040873412301986,0.6762251082251083,0.37835351949637663,0.4674137291280148,0.5643181580324437,0.37435351949637663,0.4774743351886209,0.5724814233385661,0.4092978132978133,0.4137422577422577
logistic reg-lasso,0.5648958977530406,0.44700556586270873,0.4701881610453039,0.6756990311276025,0.45545001030715315,0.47293481122052555,0.6700828695114409,0.4107902890760034,0.45153164296021436,0.562701996416282,0.4107902890760034,0.45153164296021436,0.5792676529819387,0.40812609612609607,0.40812609612609607
linear-kernel svm,0.5254226725655297,0.30259286745001035,0.4104616653188081,0.46488930117501537,0.5054009482580911,0.4486899132613419,0.6542766439909297,0.5652929927215642,0.3536376004947433,0.5728769643055357,0.46465658151372435,0.2917798392084106,0.5757363271648985,0.40216761016761016,0.5405465011179297
RBF-kernel svm,0.5671181199752628,0.37527057069914216,0.34810370581799155,0.4751886843315415,0.4206022548879691,0.43221102706816994,0.430853083424512,0.31192883307169017,0.37431010259581693,0.5445079365079365,0.30590615733472876,0.388712493855351,0.31579303236446093,0.34820918763775904,0.34004592233163666
RBF-kernel GPR,0.6044576693148123,0.5467059289916432,0.594685631828489,0.47499072356215216,0.5467059289916432,0.5884230055658627,0.4428942486085344,0.5160555317698174,0.5485647051361336,0.572343846629561,0.5160555317698174,0.5485647051361336,0.5764254792826222,0.5483004297290011,0.5483004297290011
matern-kernel GPR,0.6113365047650762,0.5878279181136324,0.6058379715522573,0.4824923013494442,0.5878279181136324,0.5876561533704391,0.46166443080728803,0.5556503813646672,0.6165172605172605,0.6074590806019378,0.5556503813646672,0.6165172605172605,0.5908934240362812,0.5820770975056689,0.5820770975056689
