,gene,TG,Cer,DG,gene_TG,gene_Cer,gene_DG,TG_Cer,TG_DG,DG_Cer,gene_TG_Cer,gene_TG_DG,gene_DG_Cer,TG_Cer_DG,gene_TG_Cer_DG
logistic reg,0.5434722222222221,0.38851851851851854,0.4862962962962962,0.5887037037037036,0.3837962962962963,0.48314814814814816,0.6030555555555555,0.3459259259259259,0.45953703703703697,0.49907407407407406,0.3459259259259259,0.44703703703703707,0.4907407407407408,0.3942592592592592,0.3942592592592592
logistic reg-lasso,0.5434722222222221,0.3801851851851852,0.49787037037037035,0.5884259259259259,0.37574074074074076,0.47472222222222216,0.5986111111111111,0.32361111111111107,0.43249999999999994,0.5248148148148147,0.3194444444444445,0.43694444444444447,0.5166666666666667,0.3841666666666666,0.38
linear-kernel svm,0.5518055555555555,0.42074074074074075,0.3227777777777778,0.30537037037037035,0.43694444444444447,0.34305555555555556,0.4339814814814815,0.49138888888888876,0.35277777777777775,0.4139814814814815,0.5196296296296297,0.3305092592592592,0.3452314814814815,0.47972222222222216,0.5485185185185185
RBF-kernel svm,0.4676388888888889,0.4962962962962963,0.3716666666666667,0.3830555555555556,0.4146296296296296,0.5184259259259258,0.33226851851851846,0.4071296296296296,0.37212962962962964,0.4966666666666667,0.39851851851851855,0.37555555555555553,0.3238888888888889,0.3812962962962963,0.3768518518518518
RBF-kernel GPR,0.48875,0.3756481481481481,0.5921296296296296,0.4424537037037036,0.3756481481481481,0.5950925925925926,0.5159259259259259,0.48875,0.4291666666666666,0.49601851851851847,0.48875,0.4291666666666666,0.5210185185185184,0.5179166666666667,0.5179166666666667
matern-kernel GPR,0.4987500000000001,0.3942592592592592,0.5926851851851851,0.4666666666666667,0.3942592592592592,0.5801851851851851,0.45398148148148143,0.4216666666666667,0.4738888888888889,0.5425000000000001,0.4216666666666667,0.4697222222222222,0.5425000000000001,0.43842592592592594,0.44287037037037036
