,gene,TG,Cer,DG,gene_TG,gene_Cer,gene_DG,TG_Cer,TG_DG,DG_Cer,gene_TG_Cer,gene_TG_DG,gene_DG_Cer,TG_Cer_DG,gene_TG_Cer_DG
logistic reg,0.5516156462585033,0.41950113378684806,0.5833956916099774,0.4885289115646259,0.411485260770975,0.591281179138322,0.5408248299319729,0.44193310657596363,0.45531746031746023,0.5596541950113378,0.43836167800453507,0.45174603174603173,0.5710260770975057,0.4636394557823129,0.4636394557823129
logistic reg-lasso,0.5516156462585033,0.4027267573696145,0.583843537414966,0.5006264172335602,0.40374716553287976,0.579546485260771,0.535359977324263,0.450328798185941,0.4409297052154194,0.5871201814058956,0.450328798185941,0.4330612244897959,0.5952834467120182,0.4790306122448979,0.47954081632653056
linear-kernel svm,0.5842687074829932,0.4664455782312925,0.40612811791383213,0.4365561224489796,0.5475510204081633,0.411485260770975,0.4832794784580499,0.5727777777777778,0.4904138321995465,0.5037018140589569,0.5165079365079365,0.44287414965986394,0.48407029478458047,0.5487358276643991,0.4369104308390022
RBF-kernel svm,0.5916156462585034,0.405952380952381,0.43562925170068023,0.3239937641723356,0.4039625850340136,0.3793934240362812,0.3232227891156462,0.5376984126984127,0.3957936507936507,0.45071995464852604,0.4082539682539682,0.40963718820861683,0.44441609977324265,0.37934240362811794,0.3878684807256235
RBF-kernel GPR,0.5267431972789115,0.47167233560090704,0.5658276643990929,0.48972505668934235,0.46759070294784577,0.569484126984127,0.5079506802721088,0.47426303854875285,0.5301133786848072,0.5342573696145124,0.47426303854875285,0.5301133786848072,0.5361507936507937,0.5529195011337869,0.5651643990929704
matern-kernel GPR,0.5182568027210884,0.520890022675737,0.5873015873015873,0.48677721088435366,0.520890022675737,0.5954648526077098,0.4578939909297052,0.5437868480725623,0.5475680272108844,0.5387698412698413,0.5516099773242631,0.5470578231292517,0.5464229024943311,0.5184467120181406,0.5347732426303855
