,gene,TG,Cer,DG,gene_TG,gene_Cer,gene_DG,TG_Cer,TG_DG,DG_Cer,gene_TG_Cer,gene_TG_DG,gene_DG_Cer,TG_Cer_DG,gene_TG_Cer_DG
logistic reg,0.4647619047619048,0.4371428571428571,0.660952380952381,0.5485714285714286,0.42190476190476184,0.660952380952381,0.5752380952380951,0.4904761904761905,0.4514285714285714,0.6742857142857143,0.4904761904761905,0.4514285714285714,0.6742857142857143,0.5323809523809524,0.5323809523809524
logistic reg-lasso,0.4647619047619048,0.3952380952380952,0.6619047619047619,0.5628571428571428,0.380952380952381,0.6619047619047619,0.5895238095238096,0.5333333333333333,0.46571428571428564,0.6885714285714286,0.519047619047619,0.47904761904761906,0.6885714285714286,0.560952380952381,0.560952380952381
linear-kernel svm,0.4647619047619048,0.43809523809523815,0.5771428571428571,0.4514285714285714,0.48,0.6047619047619047,0.5066666666666666,0.5476190476190476,0.4514285714285714,0.6895238095238095,0.5342857142857143,0.4514285714285714,0.6895238095238094,0.5752380952380951,0.5752380952380951
RBF-kernel svm,0.49333333333333335,0.39428571428571424,0.5199999999999999,0.5219047619047619,0.39428571428571424,0.5485714285714285,0.6057142857142856,0.44952380952380955,0.4219047619047619,0.6047619047619047,0.44952380952380955,0.4219047619047619,0.619047619047619,0.4504761904761905,0.43619047619047624
RBF-kernel GPR,0.4219047619047619,0.43809523809523804,0.5209523809523808,0.4933333333333333,0.43809523809523804,0.5352380952380952,0.47904761904761906,0.42476190476190484,0.49523809523809526,0.5495238095238095,0.41047619047619044,0.49523809523809526,0.5495238095238095,0.4533333333333333,0.4533333333333333
matern-kernel GPR,0.4219047619047619,0.41047619047619044,0.520952380952381,0.4504761904761905,0.41047619047619044,0.520952380952381,0.5076190476190476,0.41047619047619044,0.48,0.5495238095238095,0.4247619047619048,0.46571428571428564,0.5495238095238095,0.46761904761904766,0.46761904761904766
