,gene,TG,Cer,DG,gene_TG,gene_Cer,gene_DG,TG_Cer,TG_DG,DG_Cer,gene_TG_Cer,gene_TG_DG,gene_DG_Cer,TG_Cer_DG,gene_TG_Cer_DG
logistic reg,0.5219047619047619,0.4923809523809524,0.6476190476190476,0.579047619047619,0.4780952380952381,0.6476190476190476,0.5933333333333334,0.5619047619047619,0.5085714285714286,0.6342857142857142,0.5619047619047619,0.5361904761904761,0.6619047619047619,0.6047619047619047,0.6047619047619047
logistic reg-lasso,0.5219047619047619,0.4638095238095238,0.6476190476190476,0.5647619047619048,0.4780952380952381,0.6333333333333334,0.5933333333333334,0.5619047619047619,0.5085714285714286,0.660952380952381,0.5619047619047619,0.5085714285714286,0.6742857142857143,0.6047619047619047,0.5904761904761904
linear-kernel svm,0.5790476190476191,0.47904761904761906,0.6476190476190476,0.58,0.5066666666666666,0.6466666666666667,0.5771428571428571,0.5628571428571428,0.5228571428571429,0.6047619047619048,0.5476190476190477,0.5228571428571429,0.618095238095238,0.5895238095238096,0.618095238095238
RBF-kernel svm,0.5933333333333334,0.4095238095238095,0.5628571428571428,0.5371428571428571,0.38095238095238093,0.5771428571428572,0.5923809523809525,0.3933333333333333,0.4095238095238095,0.6047619047619047,0.3933333333333333,0.38095238095238093,0.6047619047619047,0.4352380952380952,0.4352380952380952
RBF-kernel GPR,0.49333333333333335,0.4247619047619047,0.5761904761904761,0.5371428571428571,0.4247619047619047,0.5476190476190477,0.5228571428571428,0.46571428571428575,0.4809523809523809,0.6199999999999999,0.4514285714285714,0.4666666666666667,0.6209523809523809,0.5219047619047619,0.5085714285714286
matern-kernel GPR,0.5361904761904762,0.3961904761904762,0.5199999999999999,0.5371428571428571,0.3961904761904762,0.5057142857142857,0.49523809523809526,0.46571428571428564,0.41047619047619044,0.5914285714285714,0.4800000000000001,0.41047619047619044,0.6342857142857143,0.5219047619047619,0.5219047619047619
