,gene,TG,Cer,DG,gene_TG,gene_Cer,gene_DG,TG_Cer,TG_DG,DG_Cer,gene_TG_Cer,gene_TG_DG,gene_DG_Cer,TG_Cer_DG,gene_TG_Cer_DG
logistic reg,0.43714285714285717,0.3961904761904762,0.6342857142857143,0.5247619047619048,0.3961904761904762,0.6342857142857143,0.5523809523809524,0.52,0.4800000000000001,0.7342857142857142,0.52,0.4800000000000001,0.7057142857142857,0.5342857142857143,0.5342857142857143
logistic reg-lasso,0.43714285714285717,0.41047619047619044,0.6485714285714286,0.5247619047619048,0.41047619047619044,0.6485714285714286,0.5238095238095238,0.5485714285714286,0.46571428571428575,0.7057142857142857,0.5485714285714286,0.46571428571428575,0.6914285714285715,0.562857142857143,0.562857142857143
linear-kernel svm,0.43714285714285717,0.4523809523809524,0.6209523809523809,0.5238095238095237,0.4523809523809524,0.6057142857142856,0.49523809523809526,0.5066666666666666,0.4247619047619048,0.6352380952380952,0.5352380952380951,0.4247619047619048,0.6209523809523809,0.5066666666666666,0.4780952380952381
RBF-kernel svm,0.46571428571428575,0.42380952380952375,0.5495238095238094,0.5638095238095238,0.4514285714285714,0.5495238095238094,0.5647619047619047,0.4371428571428571,0.42380952380952375,0.5914285714285714,0.42380952380952375,0.42380952380952375,0.5628571428571428,0.46571428571428564,0.46571428571428564
RBF-kernel GPR,0.43714285714285717,0.33904761904761904,0.4923809523809524,0.5076190476190476,0.33904761904761904,0.5057142857142857,0.5076190476190476,0.42095238095238097,0.42190476190476184,0.6342857142857142,0.42095238095238097,0.42190476190476184,0.6342857142857142,0.43619047619047613,0.4219047619047619
matern-kernel GPR,0.43714285714285717,0.3380952380952381,0.4914285714285714,0.520952380952381,0.32476190476190475,0.49142857142857144,0.520952380952381,0.3780952380952381,0.3952380952380952,0.6485714285714285,0.3780952380952381,0.3952380952380952,0.6485714285714285,0.4504761904761905,0.43619047619047613
