,gene,TG,Cer,DG,gene_TG,gene_Cer,gene_DG,TG_Cer,TG_DG,DG_Cer,gene_TG_Cer,gene_TG_DG,gene_DG_Cer,TG_Cer_DG,gene_TG_Cer_DG
logistic reg,0.4523809523809524,0.48,0.6057142857142856,0.559047619047619,0.48,0.5914285714285714,0.5323809523809524,0.5476190476190476,0.5076190476190476,0.6923809523809524,0.5485714285714285,0.5219047619047619,0.6780952380952381,0.5352380952380952,0.5352380952380952
logistic reg-lasso,0.4523809523809524,0.5085714285714286,0.6057142857142856,0.5028571428571429,0.5085714285714286,0.6057142857142856,0.5466666666666666,0.5485714285714286,0.46571428571428564,0.6780952380952381,0.5485714285714286,0.46571428571428564,0.6780952380952381,0.520952380952381,0.520952380952381
linear-kernel svm,0.562857142857143,0.46571428571428564,0.5771428571428571,0.5752380952380952,0.47904761904761906,0.5647619047619048,0.5352380952380953,0.5085714285714287,0.5085714285714286,0.7047619047619047,0.5076190476190476,0.5085714285714286,0.6352380952380953,0.5219047619047619,0.520952380952381
RBF-kernel svm,0.5914285714285714,0.3380952380952381,0.5228571428571429,0.5342857142857144,0.35238095238095235,0.5228571428571429,0.52,0.4238095238095238,0.38095238095238093,0.562857142857143,0.4238095238095238,0.38095238095238093,0.5495238095238095,0.4238095238095238,0.4238095238095238
RBF-kernel GPR,0.562857142857143,0.3942857142857143,0.5361904761904761,0.5038095238095238,0.3942857142857143,0.579047619047619,0.4904761904761904,0.4514285714285714,0.40857142857142853,0.5619047619047619,0.46571428571428564,0.40857142857142853,0.5761904761904761,0.46761904761904755,0.4533333333333333
matern-kernel GPR,0.5914285714285714,0.33809523809523806,0.5352380952380953,0.47523809523809524,0.33809523809523806,0.5219047619047619,0.47523809523809524,0.4371428571428571,0.3952380952380952,0.5895238095238095,0.4371428571428571,0.3952380952380952,0.5895238095238095,0.4533333333333333,0.4533333333333333
