,gene,TG,Cer,DG,gene_TG,gene_Cer,gene_DG,TG_Cer,TG_DG,DG_Cer,gene_TG_Cer,gene_TG_DG,gene_DG_Cer,TG_Cer_DG,gene_TG_Cer_DG
logistic reg,0.34246031746031746,0.4023809523809524,0.6642857142857143,0.5003968253968253,0.4023809523809524,0.6642857142857143,0.5003968253968253,0.5162698412698412,0.4753968253968253,0.7936507936507936,0.5162698412698412,0.4753968253968253,0.7686507936507936,0.47817460317460314,0.47817460317460314
logistic reg-lasso,0.34246031746031746,0.4023809523809524,0.6642857142857143,0.47817460317460314,0.4023809523809524,0.6642857142857143,0.47817460317460314,0.5162698412698412,0.44682539682539674,0.7686507936507936,0.5162698412698412,0.44682539682539674,0.740079365079365,0.5448412698412698,0.5448412698412698
linear-kernel svm,0.34246031746031746,0.41507936507936505,0.6865079365079364,0.4968253968253967,0.4087301587301587,0.6773809523809523,0.42658730158730157,0.4718253968253968,0.3579365079365079,0.7428571428571429,0.49404761904761907,0.3579365079365079,0.6642857142857143,0.42738095238095236,0.40515873015873016
RBF-kernel svm,0.39603174603174607,0.5420634920634921,0.7373015873015872,0.567063492063492,0.5928571428571429,0.7373015873015872,0.5734126984126984,0.5865079365079364,0.5642857142857143,0.7317460317460317,0.5642857142857143,0.5642857142857143,0.7095238095238094,0.5865079365079364,0.5865079365079364
RBF-kernel GPR,0.34246031746031746,0.31626984126984126,0.7095238095238094,0.49404761904761896,0.31626984126984126,0.7095238095238094,0.49404761904761896,0.5313492063492062,0.3829365079365079,0.6892857142857143,0.5563492063492063,0.3829365079365079,0.6892857142857143,0.5313492063492062,0.5091269841269841
matern-kernel GPR,0.34246031746031746,0.29126984126984123,0.7345238095238095,0.49404761904761896,0.26904761904761904,0.7095238095238094,0.49404761904761896,0.4563492063492062,0.34206349206349207,0.6892857142857143,0.4563492063492062,0.34206349206349207,0.6892857142857143,0.5313492063492062,0.5063492063492062
