,gene,TG,Cer,DG,gene_TG,gene_Cer,gene_DG,TG_Cer,TG_DG,DG_Cer,gene_TG_Cer,gene_TG_DG,gene_DG_Cer,TG_Cer_DG,gene_TG_Cer_DG
logistic reg,0.5415873015873016,0.5368253968253968,0.6917460317460318,0.6295238095238096,0.5368253968253968,0.6917460317460318,0.6295238095238096,0.6031746031746031,0.5568253968253967,0.7955555555555556,0.6431746031746032,0.5568253968253967,0.7733333333333333,0.5853968253968252,0.5853968253968252
logistic reg-lasso,0.5415873015873016,0.5368253968253968,0.7139682539682539,0.6073015873015873,0.5368253968253968,0.7139682539682539,0.6295238095238096,0.6317460317460318,0.5168253968253969,0.7733333333333333,0.6317460317460318,0.5168253968253969,0.7733333333333333,0.5853968253968252,0.5853968253968252
linear-kernel svm,0.18158730158730158,0.5146031746031746,0.6876190476190477,0.5917460317460318,0.5146031746031746,0.7117460317460317,0.5853968253968252,0.5517460317460318,0.4968253968253967,0.7955555555555556,0.5231746031746031,0.5253968253968253,0.6825396825396826,0.6139682539682539,0.5917460317460318
RBF-kernel svm,0.25015873015873014,0.4901587301587301,0.7266666666666667,0.6295238095238096,0.5187301587301587,0.7666666666666667,0.6095238095238096,0.6187301587301587,0.5387301587301587,0.6873015873015873,0.6187301587301587,0.5387301587301587,0.6873015873015873,0.6187301587301587,0.6187301587301587
RBF-kernel GPR,0.18158730158730158,0.4152380952380953,0.7161904761904763,0.5923809523809525,0.4152380952380953,0.7733333333333333,0.5523809523809524,0.5644444444444445,0.4215873015873016,0.5758730158730159,0.5866666666666667,0.4215873015873016,0.6358730158730158,0.5466666666666666,0.5266666666666666
matern-kernel GPR,0.25015873015873014,0.373015873015873,0.7288888888888889,0.5501587301587302,0.373015873015873,0.6888888888888889,0.5501587301587302,0.5644444444444445,0.4215873015873016,0.6558730158730159,0.5644444444444445,0.4215873015873016,0.6558730158730159,0.5244444444444445,0.5244444444444445
