,gene,TG,Cer,DG,gene_TG,gene_Cer,gene_DG,TG_Cer,TG_DG,DG_Cer,gene_TG_Cer,gene_TG_DG,gene_DG_Cer,TG_Cer_DG,gene_TG_Cer_DG
logistic reg,0.3757142857142857,0.5126190476190475,0.8,0.6492857142857142,0.5376190476190476,0.8,0.6992857142857143,0.48238095238095235,0.45095238095238094,0.6976190476190476,0.48238095238095235,0.45095238095238094,0.6976190476190476,0.5073809523809524,0.5073809523809524
logistic reg-lasso,0.3757142857142857,0.484047619047619,0.82,0.6492857142857142,0.484047619047619,0.82,0.6992857142857143,0.5776190476190476,0.5176190476190475,0.6976190476190476,0.510952380952381,0.5426190476190476,0.6976190476190476,0.5159523809523809,0.5159523809523809
linear-kernel svm,0.3757142857142857,0.4626190476190476,0.725,0.6157142857142857,0.5126190476190475,0.7664285714285715,0.6571428571428571,0.5023809523809525,0.40095238095238095,0.7461904761904762,0.47738095238095246,0.42595238095238097,0.7176190476190476,0.5023809523809525,0.5023809523809525
RBF-kernel svm,0.42428571428571427,0.5457142857142857,0.6571428571428571,0.6621428571428571,0.5457142857142857,0.6857142857142857,0.6059523809523809,0.5457142857142857,0.5707142857142857,0.6726190476190476,0.5457142857142857,0.5707142857142857,0.6726190476190476,0.5707142857142857,0.5457142857142857
RBF-kernel GPR,0.49000000000000005,0.44785714285714284,0.6721428571428572,0.569047619047619,0.44785714285714284,0.6721428571428572,0.549047619047619,0.5040476190476191,0.5095238095238096,0.6476190476190475,0.5040476190476191,0.5095238095238096,0.6476190476190475,0.4673809523809524,0.4673809523809524
matern-kernel GPR,0.49000000000000005,0.4228571428571429,0.6721428571428572,0.4904761904761904,0.4228571428571429,0.6721428571428572,0.5776190476190476,0.509047619047619,0.5145238095238096,0.7142857142857142,0.509047619047619,0.44785714285714284,0.7142857142857142,0.534047619047619,0.534047619047619
