,gene,TG,Cer,DG,gene_TG,gene_Cer,gene_DG,TG_Cer,TG_DG,DG_Cer,gene_TG_Cer,gene_TG_DG,gene_DG_Cer,TG_Cer_DG,gene_TG_Cer_DG
logistic reg,0.35428571428571426,0.5533333333333333,0.7390476190476191,0.5819047619047619,0.5247619047619048,0.7390476190476191,0.6104761904761904,0.5628571428571428,0.5047619047619047,0.6904761904761905,0.5628571428571428,0.5533333333333333,0.7104761904761905,0.6199999999999999,0.6199999999999999
logistic reg-lasso,0.35428571428571426,0.4961904761904761,0.7390476190476191,0.5533333333333332,0.4961904761904761,0.7057142857142857,0.6104761904761904,0.5628571428571428,0.5819047619047619,0.6771428571428572,0.5628571428571428,0.5819047619047619,0.6971428571428571,0.5914285714285714,0.5914285714285714
linear-kernel svm,0.22095238095238093,0.5047619047619047,0.7390476190476191,0.5619047619047619,0.5533333333333333,0.7304761904761905,0.5733333333333334,0.5628571428571428,0.5419047619047619,0.7104761904761905,0.5628571428571428,0.5133333333333333,0.6971428571428572,0.6114285714285714,0.6685714285714285
RBF-kernel svm,0.24952380952380954,0.4038095238095238,0.7238095238095238,0.5952380952380951,0.4038095238095238,0.7523809523809524,0.6638095238095237,0.45714285714285713,0.4323809523809524,0.6819047619047619,0.45714285714285713,0.4038095238095238,0.6771428571428572,0.45714285714285713,0.45714285714285713
RBF-kernel GPR,0.49714285714285716,0.45619047619047615,0.6771428571428572,0.5333333333333333,0.45619047619047615,0.6771428571428572,0.5952380952380952,0.6533333333333333,0.5419047619047619,0.6904761904761905,0.6533333333333333,0.5133333333333333,0.739047619047619,0.6399999999999999,0.6199999999999999
matern-kernel GPR,0.38285714285714284,0.45619047619047615,0.7438095238095238,0.5380952380952381,0.45619047619047615,0.7104761904761905,0.518095238095238,0.6533333333333333,0.4514285714285714,0.7104761904761905,0.6533333333333333,0.4514285714285714,0.739047619047619,0.6399999999999999,0.6399999999999999
