,gene,TG,Cer,DG,gene_TG,gene_Cer,gene_DG,TG_Cer,TG_DG,DG_Cer,gene_TG_Cer,gene_TG_DG,gene_DG_Cer,TG_Cer_DG,gene_TG_Cer_DG
logistic reg,0.7428571428571429,0.4192857142857143,0.5814285714285714,0.5507142857142857,0.4192857142857143,0.5814285714285714,0.5507142857142857,0.5778571428571428,0.4935714285714286,0.61,0.5778571428571428,0.4935714285714286,0.6385714285714286,0.6064285714285714,0.6064285714285714
logistic reg-lasso,0.7428571428571429,0.4228571428571429,0.5814285714285714,0.5507142857142857,0.44785714285714284,0.5814285714285714,0.5507142857142857,0.5814285714285714,0.4,0.6785714285714286,0.5814285714285714,0.4,0.6785714285714286,0.635,0.6064285714285714
linear-kernel svm,0.9428571428571428,0.4514285714285714,0.5885714285714286,0.5757142857142857,0.4514285714285714,0.5885714285714286,0.5585714285714285,0.5664285714285715,0.5085714285714286,0.5278571428571428,0.5528571428571428,0.5335714285714286,0.5528571428571428,0.5814285714285714,0.5778571428571428
RBF-kernel svm,0.9428571428571428,0.41500000000000004,0.44214285714285717,0.4757142857142857,0.365,0.44214285714285717,0.5042857142857142,0.34785714285714286,0.39357142857142857,0.5599999999999999,0.34785714285714286,0.365,0.5599999999999999,0.445,0.445
RBF-kernel GPR,0.5428571428571429,0.37142857142857144,0.4992857142857143,0.5257142857142857,0.37142857142857144,0.44214285714285717,0.4435714285714285,0.2642857142857143,0.4078571428571428,0.5921428571428571,0.23928571428571427,0.4078571428571428,0.5121428571428572,0.37142857142857144,0.37142857142857144
matern-kernel GPR,0.7428571428571429,0.3142857142857143,0.3271428571428571,0.5257142857142857,0.3142857142857143,0.3271428571428571,0.47214285714285714,0.26071428571428573,0.3392857142857143,0.495,0.2857142857142857,0.3392857142857143,0.5521428571428572,0.37142857142857144,0.37142857142857144
