,gene,TG,Cer,DG,gene_TG,gene_Cer,gene_DG,TG_Cer,TG_DG,DG_Cer,gene_TG_Cer,gene_TG_DG,gene_DG_Cer,TG_Cer_DG,gene_TG_Cer_DG
logistic reg,0.6,0.4473015873015873,0.5953968253968254,0.5480952380952381,0.4473015873015873,0.5453968253968254,0.508095238095238,0.5617460317460318,0.490952380952381,0.6061904761904762,0.5417460317460318,0.5195238095238095,0.6061904761904762,0.5203174603174603,0.5203174603174603
logistic reg-lasso,0.6,0.5195238095238095,0.5453968253968254,0.4773015873015873,0.5195238095238095,0.5453968253968254,0.5303174603174603,0.5117460317460318,0.4773015873015873,0.6061904761904762,0.5117460317460318,0.4773015873015873,0.6061904761904762,0.4803174603174603,0.4803174603174603
linear-kernel svm,0.9577777777777777,0.4473015873015873,0.5053968253968254,0.5425396825396825,0.46730158730158733,0.443968253968254,0.5153968253968253,0.473968253968254,0.5480952380952381,0.6176190476190475,0.493968253968254,0.5195238095238095,0.5998412698412698,0.45396825396825397,0.473968253968254
RBF-kernel svm,0.9577777777777777,0.33650793650793653,0.41460317460317453,0.49952380952380954,0.33650793650793653,0.3923809523809524,0.49952380952380954,0.40507936507936504,0.3650793650793651,0.513968253968254,0.40507936507936504,0.3650793650793651,0.493968253968254,0.40507936507936504,0.40507936507936504
RBF-kernel GPR,0.9577777777777777,0.3823809523809524,0.35587301587301584,0.490952380952381,0.3823809523809524,0.40587301587301583,0.490952380952381,0.3787301587301587,0.4109523809523809,0.5880952380952381,0.3787301587301587,0.4109523809523809,0.488095238095238,0.3787301587301587,0.3787301587301587
matern-kernel GPR,0.9577777777777777,0.31238095238095237,0.4836507936507936,0.490952380952381,0.31238095238095237,0.4836507936507936,0.490952380952381,0.3387301587301587,0.39095238095238094,0.6180952380952381,0.3387301587301587,0.39095238095238094,0.6180952380952381,0.3787301587301587,0.3787301587301587
