,gene,TG,Cer,DG,gene_TG,gene_Cer,gene_DG,TG_Cer,TG_DG,DG_Cer,gene_TG_Cer,gene_TG_DG,gene_DG_Cer,TG_Cer_DG,gene_TG_Cer_DG
logistic reg,0.7714285714285715,0.3891774891774891,0.5861471861471862,0.5623376623376624,0.3528138528138528,0.5861471861471862,0.5623376623376624,0.47489177489177486,0.4891774891774891,0.6725108225108225,0.47489177489177486,0.4891774891774891,0.6725108225108225,0.5383116883116883,0.5383116883116883
logistic reg-lasso,0.7714285714285715,0.35909090909090907,0.5575757575757576,0.5909090909090909,0.3090909090909091,0.5575757575757576,0.5909090909090909,0.5248917748917749,0.4891774891774891,0.6906926406926408,0.5248917748917749,0.4891774891774891,0.6906926406926408,0.6064935064935065,0.6064935064935065
linear-kernel svm,0.7714285714285715,0.44069264069264075,0.49567099567099565,0.40064935064935064,0.501082251082251,0.47424242424242424,0.4218614718614718,0.5764069264069264,0.5359307359307358,0.6344155844155843,0.5764069264069264,0.4859307359307358,0.6677489177489176,0.6231601731601731,0.6383116883116884
RBF-kernel svm,0.7714285714285715,0.4023809523809524,0.4586580086580086,0.49264069264069266,0.4023809523809524,0.491991341991342,0.5987012987012986,0.5214285714285715,0.4309523809523809,0.595021645021645,0.5214285714285715,0.4309523809523809,0.6132034632034632,0.4928571428571429,0.4928571428571429
RBF-kernel GPR,0.5714285714285714,0.36147186147186144,0.41818181818181815,0.487012987012987,0.36147186147186144,0.43636363636363634,0.487012987012987,0.31147186147186146,0.4415584415584416,0.49264069264069266,0.27813852813852813,0.4415584415584416,0.49264069264069266,0.362987012987013,0.362987012987013
matern-kernel GPR,0.5714285714285714,0.3329004329004329,0.45,0.5259740259740259,0.3329004329004329,0.45,0.5259740259740259,0.29329004329004327,0.41861471861471866,0.47445887445887447,0.31147186147186146,0.41861471861471866,0.47445887445887447,0.39480519480519477,0.39480519480519477
