,gene,TG,Cer,DG,gene_TG,gene_Cer,gene_DG,TG_Cer,TG_DG,DG_Cer,gene_TG_Cer,gene_TG_DG,gene_DG_Cer,TG_Cer_DG,gene_TG_Cer_DG
logistic reg,0.7266666666666668,0.3566233766233766,0.6156709956709957,0.4996536796536796,0.3566233766233766,0.6156709956709957,0.5615584415584415,0.5367099567099567,0.45852813852813856,0.6567965367965368,0.5367099567099567,0.45852813852813856,0.6167965367965368,0.5870995670995671,0.5870995670995671
logistic reg-lasso,0.7266666666666668,0.3851948051948052,0.649004329004329,0.5329870129870129,0.3851948051948052,0.649004329004329,0.5329870129870129,0.5834632034632035,0.45852813852813856,0.6167965367965368,0.5834632034632035,0.45852813852813856,0.6167965367965368,0.5938528138528139,0.5938528138528139
linear-kernel svm,0.7266666666666668,0.4918614718614718,0.5271861471861472,0.4929870129870129,0.4918614718614718,0.5823376623376624,0.4596536796536796,0.5501298701298701,0.48709956709956714,0.49670995670995666,0.5834632034632035,0.48709956709956714,0.5652813852813853,0.5937662337662338,0.5537662337662338
RBF-kernel svm,0.7266666666666668,0.440952380952381,0.4458008658008657,0.5251948051948052,0.440952380952381,0.4458008658008657,0.5251948051948052,0.4076190476190476,0.41238095238095235,0.5477056277056278,0.4076190476190476,0.41238095238095235,0.5191341991341991,0.480952380952381,0.480952380952381
RBF-kernel GPR,0.7266666666666668,0.325021645021645,0.3401731601731601,0.4918614718614718,0.325021645021645,0.3735064935064935,0.4918614718614718,0.325021645021645,0.41177489177489174,0.5586147186147187,0.3068398268398268,0.41177489177489174,0.5586147186147187,0.3432034632034632,0.3432034632034632
matern-kernel GPR,0.7266666666666668,0.3583549783549783,0.3371428571428571,0.5251948051948052,0.3583549783549783,0.35532467532467527,0.5251948051948052,0.31835497835497834,0.4165367965367965,0.5986147186147186,0.31835497835497834,0.4165367965367965,0.5986147186147186,0.37653679653679645,0.37653679653679645
