,gene,TG,Cer,DG,gene_TG,gene_Cer,gene_DG,TG_Cer,TG_DG,DG_Cer,gene_TG_Cer,gene_TG_DG,gene_DG_Cer,TG_Cer_DG,gene_TG_Cer_DG
logistic reg,0.5941496598639455,0.3781972789115646,0.6970714285714286,0.5393044217687075,0.38636054421768706,0.6970714285714286,0.5805425170068027,0.5786054421768708,0.4843367346938775,0.7380578231292517,0.5785204081632653,0.4843367346938775,0.7176428571428571,0.6355034013605443,0.631421768707483
logistic reg-lasso,0.5798639455782313,0.37361904761904763,0.6848265306122449,0.5393044217687075,0.373704081632653,0.6808265306122449,0.580375850340136,0.5783605442176871,0.48400340136054415,0.7254795918367346,0.5783605442176871,0.4880850340136054,0.7174795918367346,0.6478367346938776,0.6438367346938776
linear-kernel svm,0.44585034013605435,0.5970578231292517,0.7133163265306122,0.42776360544217684,0.5765646258503402,0.6851496598639456,0.5303146258503401,0.5150170068027211,0.48112925170068027,0.6907448979591837,0.49918367346938775,0.5032482993197279,0.6930782312925171,0.5521666666666667,0.6419625850340137
RBF-kernel svm,0.44585034013605435,0.48415646258503403,0.6277619047619047,0.3896190476190476,0.6176258503401361,0.5440068027210885,0.4190391156462585,0.5236037414965986,0.5727244897959183,0.6565714285714286,0.572625850340136,0.5686428571428571,0.6482380952380953,0.5363027210884355,0.5295561224489795
RBF-kernel GPR,0.5631972789115646,0.47140986394557827,0.6165340136054422,0.4508333333333333,0.48365476190476187,0.6165340136054422,0.48191326530612244,0.5215051020408163,0.4690034013605442,0.6028163265306122,0.5215051020408163,0.4690034013605442,0.6102312925170068,0.5459948979591835,0.5459948979591835
matern-kernel GPR,0.5608163265306122,0.4083503401360544,0.6596530612244899,0.463078231292517,0.4083503401360544,0.6264047619047619,0.4776615646258503,0.45410204081632655,0.4307636054421769,0.6681360544217686,0.4623503401360544,0.4307636054421769,0.6905884353741496,0.5392482993197278,0.535248299319728
