,gene,TG,Cer,DG,gene_TG,gene_Cer,gene_DG,TG_Cer,TG_DG,DG_Cer,gene_TG_Cer,gene_TG_DG,gene_DG_Cer,TG_Cer_DG,gene_TG_Cer_DG
logistic reg,0.5887662337662338,0.4435992578849722,0.6943042671614099,0.6097309833024118,0.45133735312306744,0.6723423005565863,0.6294356833642547,0.5949613481756338,0.48949907235621526,0.7470191713048855,0.5899613481756338,0.48449907235621514,0.7470191713048855,0.6361332714904143,0.6300726654298082
logistic reg-lasso,0.5744805194805196,0.45907544836116265,0.6983008658008657,0.5969928880643166,0.44944341372912805,0.68258658008658,0.6176159554730983,0.5975572047000618,0.5011317254174397,0.7400401978973408,0.5914965986394558,0.5011317254174397,0.7400401978973408,0.6322603586889302,0.6322603586889302
linear-kernel svm,0.5012337662337663,0.44857761286332715,0.6785497835497836,0.5502118119975263,0.4515321583178726,0.6570021645021645,0.49634044526901666,0.4120392702535559,0.4128184910327768,0.6968753865182437,0.5111332714904143,0.36435528756957325,0.6797619047619047,0.5730086580086581,0.5139718614718615
RBF-kernel svm,0.4926623376623377,0.4677752009894867,0.582970006184292,0.52852195423624,0.481573902288188,0.43134199134199136,0.4226546072974644,0.4250216450216451,0.4928053494124923,0.5245686456400742,0.4129189857761286,0.43261595547309833,0.5184230055658627,0.438078231292517,0.4463265306122449
RBF-kernel GPR,0.5153354978354978,0.4459987631416203,0.5136487322201607,0.5000185528756956,0.4495701917130489,0.517730364873222,0.5506756338899196,0.4733766233766234,0.44018552875695727,0.591965058750773,0.4733766233766234,0.44018552875695727,0.5996181199752628,0.5067949907235622,0.5067949907235622
matern-kernel GPR,0.5151948051948052,0.4079962894248609,0.5644248608534322,0.5107714904143477,0.4038296227581942,0.5721629560915276,0.5468027210884354,0.3852473716759431,0.4259168212739642,0.5998732220160792,0.3893290043290043,0.4259168212739642,0.595621521335807,0.4639718614718615,0.4639718614718615
