,gene,TG,Cer,DG,gene_TG,gene_Cer,gene_DG,TG_Cer,TG_DG,DG_Cer,gene_TG_Cer,gene_TG_DG,gene_DG_Cer,TG_Cer_DG,gene_TG_Cer_DG
logistic reg,0.563968253968254,0.47687074829931964,0.6713242630385488,0.5951360544217688,0.4724263038548752,0.6628798185941043,0.6038548752834467,0.5843537414965987,0.5223310657596373,0.7583401360544217,0.5804648526077096,0.5273310657596373,0.7498956916099774,0.6772585034013605,0.6772585034013605
logistic reg-lasso,0.5674603174603174,0.49011564625850335,0.6677687074829932,0.5945804988662131,0.48167120181405904,0.6677687074829932,0.5956916099773243,0.5600204081632653,0.5288866213151928,0.7630589569160998,0.5640204081632654,0.5298866213151927,0.7630589569160998,0.6692879818594104,0.6692879818594104
linear-kernel svm,0.48904761904761906,0.45945578231292517,0.6553310657596372,0.3381972789115646,0.44221768707482995,0.5651609977324263,0.4330907029478458,0.4765804988662132,0.3721587301587302,0.7041836734693877,0.447780045351474,0.3338616780045352,0.6474353741496599,0.6082131519274376,0.6170430839002268
RBF-kernel svm,0.43825396825396823,0.37432199546485256,0.4871632653061225,0.259968253968254,0.32543310657596375,0.6668367346938775,0.29335374149659865,0.3636916099773243,0.32928798185941044,0.5049342403628118,0.3696507936507937,0.3253877551020408,0.4039637188208617,0.3175170068027211,0.32347619047619053
RBF-kernel GPR,0.5817460317460318,0.3880181405895692,0.5275555555555556,0.5030476190476192,0.3880181405895692,0.5422857142857141,0.5095328798185942,0.5098866213151927,0.4046621315192744,0.5608095238095239,0.5098866213151927,0.4046621315192744,0.5318095238095238,0.5298866213151927,0.5298866213151927
matern-kernel GPR,0.5817460317460318,0.3540544217687075,0.6205873015873016,0.5213922902494331,0.3590544217687075,0.6125873015873016,0.5236145124716554,0.4711473922902495,0.40890702947845803,0.6508956916099773,0.4670657596371882,0.40482539682539687,0.6548956916099773,0.5311111111111111,0.5311111111111111
