,gene,TG,Cer,DG,gene_TG,gene_Cer,gene_DG,TG_Cer,TG_DG,DG_Cer,gene_TG_Cer,gene_TG_DG,gene_DG_Cer,TG_Cer_DG,gene_TG_Cer_DG
logistic reg,0.588015873015873,0.33525888133030984,0.6813907785336356,0.5512335944478802,0.33932539682539686,0.6752216037930323,0.5898522641379784,0.584879921665636,0.42105596784168214,0.7774084381227238,0.584879921665636,0.40429670858242284,0.7818528825671682,0.6113849378135092,0.603236789665361
logistic reg-lasso,0.5612301587301587,0.34740362811791387,0.6818032364460935,0.5423531230674088,0.34323696145124716,0.6855069401497973,0.5756435099292243,0.5898723630866488,0.41161822304679435,0.7717257610114754,0.5854279186422043,0.41532192675049817,0.7750515357658215,0.6035061499347213,0.6076728166013879
linear-kernel svm,0.5737301587301588,0.6564532227032226,0.5785600907029478,0.3833977530406102,0.6443126846698275,0.6006089809661239,0.607804662268948,0.4855868205868206,0.44689857761286333,0.7300439771868342,0.5079734419020132,0.476883460454889,0.7257385075242219,0.6013773792345221,0.5346394214251357
RBF-kernel svm,0.46420634920634923,0.5095232082732083,0.5802427334570192,0.3258893355321927,0.48187676080533226,0.6803315467601182,0.414515563801278,0.469925616711331,0.5060939325225039,0.5859135573421288,0.5258439840582698,0.5018346732632447,0.5688614031471173,0.4748565587851303,0.4674415927987356
RBF-kernel GPR,0.5674603174603174,0.31996942211227924,0.6642460317460317,0.46961820586820585,0.32367312581598295,0.6663335738335737,0.4695643509929224,0.4558321308321308,0.34649625506768367,0.6798570741427884,0.4558321308321308,0.34649625506768367,0.6849900364186078,0.4604617604617604,0.44190115440115435
matern-kernel GPR,0.5751370851370851,0.2887581598295884,0.7010978835978836,0.47461485604342746,0.2887581598295884,0.686981721981722,0.468311001168144,0.3831093245378959,0.35112588469731326,0.6627788084930942,0.3868130282415996,0.35112588469731326,0.6583343640486498,0.4227886002886002,0.41028860028860026
