,gene,TG,Cer,DG,gene_TG,gene_Cer,gene_DG,TG_Cer,TG_DG,DG_Cer,gene_TG_Cer,gene_TG_DG,gene_DG_Cer,TG_Cer_DG,gene_TG_Cer_DG
logistic reg,0.5923809523809523,0.3961904761904762,0.48,0.5647619047619047,0.4247619047619048,0.4666666666666667,0.579047619047619,0.39523809523809517,0.4095238095238095,0.4647619047619048,0.39523809523809517,0.43809523809523815,0.49333333333333335,0.42285714285714276,0.42285714285714276
logistic reg-lasso,0.5923809523809523,0.4238095238095238,0.4923809523809524,0.5361904761904762,0.43809523809523804,0.48,0.6066666666666667,0.3952380952380953,0.38095238095238093,0.5219047619047619,0.3952380952380953,0.38095238095238093,0.5076190476190476,0.42285714285714276,0.42285714285714276
linear-kernel svm,0.5923809523809523,0.3961904761904762,0.5076190476190476,0.5361904761904761,0.4533333333333333,0.49333333333333335,0.5790476190476189,0.4095238095238095,0.4390476190476191,0.46571428571428564,0.38190476190476186,0.4809523809523809,0.5209523809523808,0.4095238095238095,0.4238095238095238
RBF-kernel svm,0.5923809523809523,0.46761904761904766,0.5504761904761903,0.5780952380952381,0.4390476190476191,0.5361904761904761,0.5638095238095238,0.4666666666666666,0.4666666666666667,0.5657142857142856,0.480952380952381,0.4523809523809524,0.5942857142857143,0.43809523809523815,0.43809523809523815
RBF-kernel GPR,0.5923809523809523,0.4238095238095238,0.4923809523809523,0.46571428571428575,0.4238095238095238,0.4923809523809524,0.43714285714285717,0.3942857142857143,0.42380952380952375,0.4238095238095238,0.40857142857142853,0.42380952380952375,0.4523809523809524,0.4514285714285714,0.4514285714285714
matern-kernel GPR,0.5923809523809523,0.4095238095238095,0.47904761904761906,0.49333333333333335,0.3952380952380953,0.47904761904761906,0.4647619047619048,0.38095238095238093,0.4238095238095238,0.4666666666666667,0.38095238095238093,0.4095238095238095,0.4666666666666667,0.4095238095238095,0.4095238095238095
