,gene,TG,Cer,DG,gene_TG,gene_Cer,gene_DG,TG_Cer,TG_DG,DG_Cer,gene_TG_Cer,gene_TG_DG,gene_DG_Cer,TG_Cer_DG,gene_TG_Cer_DG
logistic reg,0.621904761904762,0.49333333333333335,0.5628571428571428,0.5476190476190477,0.49333333333333335,0.5628571428571428,0.5609523809523809,0.4514285714285714,0.44952380952380955,0.518095238095238,0.4514285714285714,0.4352380952380952,0.5323809523809524,0.49333333333333335,0.5076190476190476
logistic reg-lasso,0.621904761904762,0.5076190476190476,0.562857142857143,0.5323809523809524,0.49333333333333335,0.5628571428571428,0.5609523809523809,0.4514285714285714,0.4219047619047619,0.5457142857142857,0.4514285714285714,0.44952380952380955,0.5599999999999999,0.4628571428571428,0.4628571428571428
linear-kernel svm,0.621904761904762,0.5076190476190476,0.5219047619047619,0.5476190476190477,0.4780952380952381,0.6485714285714285,0.5476190476190476,0.46571428571428575,0.4628571428571428,0.52,0.43714285714285717,0.4914285714285714,0.5904761904761905,0.47904761904761906,0.4504761904761905
RBF-kernel svm,0.5933333333333334,0.49142857142857144,0.5914285714285714,0.5876190476190477,0.49142857142857144,0.619047619047619,0.5333333333333334,0.49142857142857144,0.4904761904761905,0.5761904761904761,0.4914285714285714,0.47714285714285715,0.5619047619047619,0.46380952380952384,0.46380952380952384
RBF-kernel GPR,0.621904761904762,0.4638095238095238,0.5228571428571429,0.4352380952380953,0.4638095238095238,0.5228571428571429,0.44952380952380955,0.42095238095238097,0.5190476190476191,0.49142857142857144,0.44952380952380955,0.5190476190476191,0.5342857142857143,0.47714285714285715,0.4628571428571428
matern-kernel GPR,0.621904761904762,0.4628571428571428,0.5647619047619047,0.44952380952380955,0.4628571428571428,0.579047619047619,0.4638095238095238,0.5076190476190476,0.519047619047619,0.52,0.5076190476190476,0.519047619047619,0.5485714285714286,0.4933333333333333,0.5076190476190476
