,gene,TG,Cer,DG,gene_TG,gene_Cer,gene_DG,TG_Cer,TG_DG,DG_Cer,gene_TG_Cer,gene_TG_DG,gene_DG_Cer,TG_Cer_DG,gene_TG_Cer_DG
logistic reg,0.618095238095238,0.3942857142857143,0.38,0.5199999999999999,0.4076190476190476,0.38,0.5333333333333333,0.379047619047619,0.46571428571428575,0.5057142857142857,0.36476190476190473,0.46571428571428575,0.49333333333333335,0.379047619047619,0.379047619047619
logistic reg-lasso,0.618095238095238,0.39428571428571424,0.4076190476190476,0.5485714285714285,0.4076190476190476,0.4076190476190476,0.5333333333333333,0.38,0.4514285714285714,0.5219047619047619,0.38,0.4371428571428571,0.5352380952380953,0.3933333333333333,0.3933333333333333
linear-kernel svm,0.618095238095238,0.4219047619047619,0.4638095238095238,0.5066666666666666,0.4066666666666666,0.48,0.5895238095238096,0.379047619047619,0.5076190476190476,0.5342857142857141,0.3933333333333333,0.47904761904761906,0.4647619047619047,0.36476190476190473,0.36476190476190473
RBF-kernel svm,0.5904761904761905,0.49333333333333335,0.4638095238095238,0.5085714285714286,0.4514285714285714,0.4923809523809524,0.4942857142857142,0.4095238095238095,0.47904761904761906,0.5495238095238095,0.4095238095238095,0.4647619047619047,0.5495238095238095,0.4228571428571429,0.4228571428571429
RBF-kernel GPR,0.6047619047619047,0.40857142857142853,0.5238095238095238,0.4647619047619048,0.4228571428571429,0.5095238095238096,0.4504761904761905,0.43809523809523804,0.47904761904761906,0.4533333333333333,0.43809523809523804,0.47904761904761906,0.4523809523809524,0.4371428571428571,0.4371428571428571
matern-kernel GPR,0.618095238095238,0.4238095238095238,0.49428571428571433,0.4228571428571429,0.4238095238095238,0.49428571428571433,0.43714285714285717,0.42380952380952375,0.46571428571428564,0.5076190476190476,0.42380952380952375,0.46571428571428564,0.5076190476190476,0.42285714285714276,0.42285714285714276
