,gene,TG,Cer,DG,gene_TG,gene_Cer,gene_DG,TG_Cer,TG_DG,DG_Cer,gene_TG_Cer,gene_TG_DG,gene_DG_Cer,TG_Cer_DG,gene_TG_Cer_DG
logistic reg,0.44761904761904764,0.4371428571428571,0.4219047619047619,0.49523809523809526,0.4238095238095238,0.3942857142857143,0.49523809523809526,0.35238095238095235,0.4371428571428571,0.4780952380952381,0.35238095238095235,0.4228571428571429,0.4780952380952381,0.36571428571428577,0.36571428571428577
logistic reg-lasso,0.44761904761904764,0.4238095238095238,0.40857142857142853,0.49523809523809526,0.4238095238095238,0.3942857142857143,0.49523809523809526,0.3666666666666666,0.38095238095238093,0.4923809523809524,0.3666666666666666,0.38095238095238093,0.4923809523809524,0.38,0.38
linear-kernel svm,0.44761904761904764,0.4390476190476191,0.41047619047619044,0.5504761904761905,0.46761904761904766,0.4238095238095238,0.5914285714285714,0.3380952380952381,0.4247619047619048,0.4504761904761905,0.3666666666666667,0.4809523809523809,0.4780952380952381,0.40857142857142853,0.40857142857142853
RBF-kernel svm,0.4333333333333333,0.26857142857142857,0.339047619047619,0.49523809523809526,0.26857142857142857,0.32476190476190475,0.4666666666666666,0.3095238095238095,0.35142857142857137,0.3676190476190476,0.3095238095238095,0.35142857142857137,0.38190476190476186,0.3238095238095238,0.3238095238095238
RBF-kernel GPR,0.44761904761904764,0.4390476190476191,0.4542857142857143,0.38095238095238093,0.4533333333333333,0.4542857142857143,0.3952380952380952,0.46952380952380957,0.42380952380952375,0.4523809523809524,0.48380952380952386,0.42380952380952375,0.4523809523809524,0.46952380952380957,0.46952380952380957
matern-kernel GPR,0.44761904761904764,0.3952380952380952,0.41142857142857137,0.36666666666666664,0.3952380952380952,0.39714285714285713,0.38095238095238093,0.4371428571428571,0.39428571428571424,0.4523809523809524,0.4371428571428571,0.39428571428571424,0.4523809523809524,0.46571428571428564,0.4514285714285714
