,gene,Cer,Acy,Sph,gene_Cer,gene_Acy,gene_Sph,Acy_Cer,Sph_Cer,Sph_Acy,gene_Acy_Cer,gene_Sph_Cer,gene_Sph_Acy,Cer_Acy_Sph,gene_Cer_Acy_Sph
logistic reg,0.9,0.45999999999999996,0.3733333333333333,0.18,0.47333333333333333,0.535,0.82,0.3741414141414141,0.44761904761904764,0.30727272727272725,0.4290109890109891,0.485974025974026,0.45666666666666667,0.42428571428571427,0.47833333333333333
logistic reg-lasso,0.9,0.4478787878787879,0.36944444444444446,0.18,0.46333333333333326,0.579047619047619,0.9,0.39461760461760464,0.4603463203463204,0.3,0.42095238095238097,0.5047619047619047,0.45714285714285713,0.41147186147186143,0.5028571428571429
linear-kernel svm,0.9,0.39439775910364144,0.24761904761904763,0.0,0.4243001443001443,0.5916666666666667,0.9,0.26746031746031745,0.3702020202020202,0.2994871794871795,0.3762337662337662,0.4803968253968254,0.48,0.4105555555555555,0.45227272727272727
RBF-kernel svm,0.7880952380952382,0.2,0.02857142857142857,0.0,0.12,0.6,0.7457142857142858,0.2,0.4,0.15,0.1,0.4,0.5666666666666667,0.2,0.2
RBF-kernel GPR,0.7880952380952382,0.275982905982906,0.0,0.0,0.3093939393939394,0.0,0.7,0.2832234432234432,0.2713675213675214,0.0,0.26256410256410256,0.025,0.0,0.2481585081585082,0.10858585858585859
matern-kernel GPR,0.7880952380952382,0.0,0.0,0.0,0.05,0.0,0.7,0.1077922077922078,0.0,0.0,0.13333333333333333,0.06,0.0,0.08251748251748252,0.06
