,gene,Cer,Acy,Sph,gene_Cer,gene_Acy,gene_Sph,Acy_Cer,Sph_Cer,Sph_Acy,gene_Acy_Cer,gene_Sph_Cer,gene_Sph_Acy,Cer_Acy_Sph,gene_Cer_Acy_Sph
logistic reg,0.9,0.1,0.2,0.0,0.6333333333333333,0.9,0.9,0.13333333333333333,0.1,0.2,0.7333333333333333,0.6333333333333333,0.9333333333333332,0.13333333333333333,0.7333333333333333
logistic reg-lasso,0.9,0.1,0.0,0.0,0.6333333333333333,0.9333333333333332,0.9,0.13333333333333333,0.1,0.0,0.7333333333333333,0.6333333333333333,0.9333333333333332,0.13333333333333333,0.7
linear-kernel svm,0.9,0.4256410256410256,0.0,0.0,0.451010101010101,0.9,0.9,0.3084415584415584,0.4105555555555555,0.0,0.4054112554112554,0.4553751803751804,0.8833333333333332,0.35,0.42021978021978024
RBF-kernel svm,0.7880952380952382,0.2,0.0,0.04,0.6,0.7533333333333333,0.8666666666666668,0.0,0.2,0.0,0.6,0.4,0.6333333333333333,0.2,0.4
RBF-kernel GPR,0.7880952380952382,0.2,0.0,0.0,0.6166666666666667,0.7380952380952381,0.7880952380952382,0.2,0.2,0.1,0.7166666666666667,0.6166666666666667,0.7380952380952381,0.2,0.8166666666666668
matern-kernel GPR,0.7880952380952382,0.2,0.0,0.0,0.85,0.7580952380952382,0.7880952380952382,0.2,0.2,0.0,0.8,0.8,0.8166666666666668,0.2,0.8
