,gene,Cer,Acy,Sph,gene_Cer,gene_Acy,gene_Sph,Acy_Cer,Sph_Cer,Sph_Acy,gene_Acy_Cer,gene_Sph_Cer,gene_Sph_Acy,Cer_Acy_Sph,gene_Cer_Acy_Sph
logistic reg,0.7666666666666667,0.2,0.2,0.0,0.4766666666666667,0.8,0.9,0.1,0.16666666666666666,0.2,0.4833333333333333,0.51,0.8,0.16666666666666666,0.5
logistic reg-lasso,0.7666666666666667,0.13333333333333333,0.2,0.0,0.51,0.8,0.9,0.1,0.0,0.2,0.51,0.51,0.8,0.06666666666666667,0.5266666666666666
linear-kernel svm,0.7666666666666667,0.48468864468864464,0.03333333333333333,0.0,0.4516233766233766,0.7666666666666667,0.7666666666666667,0.4532600732600732,0.4147186147186147,0.1,0.40787545787545787,0.45499999999999996,0.6366666666666667,0.43170163170163167,0.5075396825396825
RBF-kernel svm,0.7666666666666667,0.13999999999999999,0.0,0.03333333333333333,0.65,0.6533333333333334,0.58,0.0,0.0,0.0,0.5333333333333333,0.55,0.6833333333333333,0.1,0.5166666666666667
RBF-kernel GPR,0.8,0.26666666666666666,0.16666666666666666,0.0,0.7333333333333333,0.76,0.78,0.5,0.3,0.16666666666666666,0.7333333333333333,0.7333333333333333,0.76,0.5,0.8
matern-kernel GPR,0.7666666666666667,0.1,0.2,0.0,0.6,0.76,0.7666666666666667,0.2,0.1,0.1,0.6333333333333333,0.6,0.76,0.2,0.6333333333333333
