,gene,Cer,Acy,Sph,gene_Cer,gene_Acy,gene_Sph,Acy_Cer,Sph_Cer,Sph_Acy,gene_Acy_Cer,gene_Sph_Cer,gene_Sph_Acy,Cer_Acy_Sph,gene_Cer_Acy_Sph
logistic reg,0.9333333333333332,0.3597619047619048,0.42000000000000004,0.1,0.43134365634365635,0.6644444444444444,0.8266666666666665,0.40217560217560216,0.4305194805194805,0.2571428571428571,0.5027272727272727,0.5144444444444445,0.5444444444444445,0.548034188034188,0.5465079365079365
logistic reg-lasso,0.9333333333333332,0.3930952380952381,0.42000000000000004,0.1,0.4638528138528139,0.6644444444444444,0.8266666666666665,0.4352564102564102,0.45551948051948055,0.2571428571428571,0.4933333333333333,0.5583333333333333,0.5444444444444445,0.5087301587301587,0.5722222222222222
linear-kernel svm,0.8333333333333333,0.4097069597069597,0.5083333333333333,0.0,0.5133333333333333,0.7777777777777778,0.8333333333333333,0.3051948051948052,0.37935897435897437,0.3507142857142857,0.4637562437562438,0.54,0.6777777777777777,0.38253968253968257,0.5284937284937284
RBF-kernel svm,0.78,0.24666666666666667,0.0,0.04,0.6133333333333333,0.6666666666666666,0.8642857142857142,0.3,0.6,0.1,0.3,0.6,0.7333333333333333,0.3,0.6
RBF-kernel GPR,0.8300000000000001,0.1769230769230769,0.0,0.0,0.11272727272727275,0.0,0.7333333333333333,0.31047619047619046,0.18805194805194805,0.0,0.3191452991452991,0.20727272727272728,0.0,0.22012987012987012,0.1754112554112554
matern-kernel GPR,0.8300000000000001,0.11333333333333333,0.0,0.0,0.12272727272727273,0.0,0.7333333333333333,0.23355311355311356,0.09714285714285714,0.0,0.16,0.11454545454545455,0.0,0.1292207792207792,0.13904761904761903
