,gene,Cer,Acy,Sph,gene_Cer,gene_Acy,gene_Sph,Acy_Cer,Sph_Cer,Sph_Acy,gene_Acy_Cer,gene_Sph_Cer,gene_Sph_Acy,Cer_Acy_Sph,gene_Cer_Acy_Sph
logistic reg,0.6333333333333333,0.3666666666666666,0.31666666666666665,0.14666666666666667,0.4466233766233766,0.5190476190476191,0.7333333333333333,0.3766233766233766,0.3854256854256854,0.36380952380952375,0.4121428571428571,0.5077344877344878,0.385,0.36,0.5383333333333333
logistic reg-lasso,0.7333333333333333,0.4222222222222222,0.3333333333333333,0.14666666666666667,0.4466233766233766,0.48571428571428577,0.7333333333333333,0.37738095238095243,0.36714285714285716,0.33428571428571424,0.36952380952380953,0.502020202020202,0.40499999999999997,0.4533333333333333,0.5407142857142857
linear-kernel svm,0.8,0.36025641025641025,0.16,0.0,0.4501554001554002,0.550952380952381,0.8,0.3533333333333334,0.3804112554112554,0.3,0.4545454545454545,0.4628571428571428,0.5676190476190476,0.4469108669108669,0.5578571428571429
RBF-kernel svm,0.5666666666666667,0.2333333333333333,0.1,0.0,0.35333333333333333,0.8,0.6888888888888889,0.1,0.55,0.26666666666666666,0.5,0.7,0.8,0.1,0.5
RBF-kernel GPR,0.6333333333333333,0.19666666666666668,0.0,0.0,0.37936507936507935,0.2,0.7,0.33948717948717955,0.47444444444444445,0.0,0.34380952380952384,0.3742424242424242,0.0,0.2742657342657343,0.27301587301587305
matern-kernel GPR,0.6333333333333333,0.08,0.0,0.0,0.0,0.2,0.6,0.2794871794871795,0.11111111111111112,0.0,0.25956709956709956,0.2,0.0,0.16153846153846155,0.1890909090909091
