,gene,Cer,Acy,Sph,gene_Cer,gene_Acy,gene_Sph,Acy_Cer,Sph_Cer,Sph_Acy,gene_Acy_Cer,gene_Sph_Cer,gene_Sph_Acy,Cer_Acy_Sph,gene_Cer_Acy_Sph
logistic reg,0.9333333333333332,0.25,0.2,0.0,0.7309523809523809,0.8666666666666666,0.9333333333333332,0.25,0.2,0.2,0.8476190476190476,0.7309523809523809,0.8933333333333333,0.25,0.8476190476190476
logistic reg-lasso,0.9333333333333332,0.2,0.0,0.0,0.7309523809523809,0.8666666666666666,0.9333333333333332,0.2333333333333333,0.2333333333333333,0.0,0.7976190476190477,0.7309523809523809,0.8933333333333333,0.2,0.8476190476190476
linear-kernel svm,0.8333333333333333,0.4087121212121212,0.3,0.0,0.4947052947052947,0.8333333333333333,0.8333333333333333,0.2934981684981685,0.36571428571428577,0.15,0.37575757575757573,0.4533766233766234,0.7066666666666667,0.33079975579975585,0.4294444444444444
RBF-kernel svm,0.78,0.06666666666666667,0.4,0.0,0.76,0.740952380952381,0.8083333333333332,0.0,0.3,0.1,0.8,0.75,0.7866666666666667,0.2,0.8
RBF-kernel GPR,0.8300000000000001,0.3,0.2,0.0,0.7528571428571429,0.8228571428571427,0.86,0.5,0.3,0.2,0.8528571428571429,0.8528571428571429,0.8433333333333334,0.5,0.8528571428571429
matern-kernel GPR,0.8300000000000001,0.1,0.2,0.0,0.9,0.8133333333333332,0.8699999999999999,0.1,0.2,0.2,0.8833333333333332,0.9,0.8433333333333334,0.1,0.9
