,gene,Cer,Acy,Sph,gene_Cer,gene_Acy,gene_Sph,Acy_Cer,Sph_Cer,Sph_Acy,gene_Acy_Cer,gene_Sph_Cer,gene_Sph_Acy,Cer_Acy_Sph,gene_Cer_Acy_Sph
logistic reg,0.7666666666666667,0.47897435897435897,0.36666666666666664,0.2,0.5013986013986014,0.6547619047619048,0.7333333333333333,0.39944444444444444,0.48611111111111105,0.41,0.5334415584415584,0.5523076923076924,0.5238095238095237,0.502020202020202,0.5177777777777777
logistic reg-lasso,0.7666666666666667,0.4833333333333333,0.3833333333333333,0.2,0.5524675324675324,0.7547619047619047,0.7333333333333333,0.42388888888888887,0.47550505050505054,0.45499999999999996,0.5527272727272727,0.5573076923076924,0.5238095238095237,0.5079365079365079,0.54
linear-kernel svm,0.7666666666666667,0.35365079365079366,0.36666666666666664,0.0,0.5003267973856209,0.6583333333333334,0.7666666666666667,0.3627272727272727,0.41579392829392836,0.3638095238095238,0.4397619047619048,0.47860139860139855,0.5666666666666667,0.49264901764901764,0.5308766233766234
RBF-kernel svm,0.7666666666666667,0.13999999999999999,0.2,0.0,0.45,0.9,0.78,0.08333333333333333,0.54,0.2,0.2833333333333333,0.4666666666666666,0.9,0.4066666666666666,0.5066666666666666
RBF-kernel GPR,0.8,0.445,0.0,0.05,0.22380952380952382,0.4,0.6333333333333333,0.31999999999999995,0.20242424242424245,0.0,0.3263003663003663,0.1616161616161616,0.2,0.22142857142857145,0.2571428571428571
matern-kernel GPR,0.7666666666666667,0.1,0.0,0.0,0.14666666666666667,0.2,0.7,0.2095238095238095,0.0,0.0,0.16,0.0,0.0,0.22692307692307692,0.1457142857142857
