,gene,Cer,Acy,Sph,gene_Cer,gene_Acy,gene_Sph,Acy_Cer,Sph_Cer,Sph_Acy,gene_Acy_Cer,gene_Sph_Cer,gene_Sph_Acy,Cer_Acy_Sph,gene_Cer_Acy_Sph
logistic reg,0.6333333333333333,0.3,0.2,0.0,0.48666666666666664,0.76,0.7333333333333333,0.3,0.4,0.0,0.5,0.5533333333333333,0.76,0.4,0.53
logistic reg-lasso,0.7333333333333333,0.3,0.0,0.0,0.47000000000000003,0.76,0.7333333333333333,0.4,0.3,0.0,0.5033333333333333,0.5033333333333333,0.76,0.4,0.5033333333333333
linear-kernel svm,0.8,0.43454545454545457,0.0,0.0,0.48560606060606054,0.8,0.8,0.41346153846153844,0.43010101010101015,0.24,0.4267094017094017,0.44492063492063494,0.6599999999999999,0.3248701298701299,0.4354395604395604
RBF-kernel svm,0.5666666666666667,0.3,0.05714285714285714,0.0,0.7,0.6933333333333334,0.6599999999999999,0.0,0.3,0.06666666666666667,0.7333333333333333,0.75,0.7028571428571428,0.0,0.75
RBF-kernel GPR,0.6333333333333333,0.4333333333333333,0.3,0.0,0.6466666666666667,0.6333333333333333,0.6333333333333333,0.5,0.6,0.3,0.6766666666666665,0.6866666666666666,0.6333333333333333,0.6,0.7166666666666666
matern-kernel GPR,0.6333333333333333,0.2,0.1,0.0,0.6333333333333333,0.6333333333333333,0.6333333333333333,0.0,0.2,0.0,0.6333333333333333,0.6,0.6333333333333333,0.0,0.7
