,gene,Cer,Acy,Sph,gene_Cer,gene_Acy,gene_Sph,Acy_Cer,Sph_Cer,Sph_Acy,gene_Acy_Cer,gene_Sph_Cer,gene_Sph_Acy,Cer_Acy_Sph,gene_Cer_Acy_Sph
logistic reg,0.0,0.2546031746031746,0.11714285714285715,0.0,0.3298412698412698,0.1838095238095238,0.050793650793650794,0.31682539682539684,0.16158730158730158,0.11714285714285715,0.3898412698412699,0.26095238095238094,0.19015873015873014,0.24380952380952384,0.2746031746031746
logistic reg-lasso,0.0,0.2546031746031746,0.11714285714285715,0.0,0.30539682539682544,0.1838095238095238,0.050793650793650794,0.29460317460317464,0.16158730158730158,0.11714285714285715,0.3898412698412699,0.26095238095238094,0.19015873015873014,0.24380952380952384,0.2523809523809524
linear-kernel svm,0.0,0.22603174603174603,0.02222222222222222,0.0,0.3812698412698413,0.37682539682539684,0.0,0.34317460317460313,0.29460317460317464,0.15873015873015872,0.3346031746031746,0.3304761904761905,0.32952380952380955,0.27968253968253964,0.3082539682539683
RBF-kernel svm,0.0,0.0,0.06444444444444444,0.02857142857142857,0.0,0.12666666666666665,0.206031746031746,0.0,0.0,0.15523809523809523,0.0,0.0,0.17523809523809525,0.0,0.0
RBF-kernel GPR,0.0,0.08,0.0,0.02857142857142857,0.0,0.0,0.0,0.08,0.0,0.0,0.20571428571428568,0.0,0.0,0.08,0.12000000000000002
matern-kernel GPR,0.0,0.0,0.0,0.0,0.0,0.0,0.0,0.02,0.0,0.050793650793650794,0.06,0.0,0.02222222222222222,0.0,0.0
