,gene,Cer,Acy,Sph,gene_Cer,gene_Acy,gene_Sph,Acy_Cer,Sph_Cer,Sph_Acy,gene_Acy_Cer,gene_Sph_Cer,gene_Sph_Acy,Cer_Acy_Sph,gene_Cer_Acy_Sph
logistic reg,0.0,0.24787878787878787,0.15333333333333332,0.0,0.31757575757575757,0.22666666666666666,0.016666666666666666,0.2812121212121212,0.26454545454545453,0.10333333333333332,0.33090909090909093,0.29939393939393943,0.24484848484848482,0.2627272727272727,0.2793939393939394
logistic reg-lasso,0.0,0.22969696969696968,0.15333333333333332,0.0,0.31757575757575757,0.22666666666666666,0.0,0.243030303030303,0.22969696969696968,0.08666666666666667,0.3145454545454546,0.26303030303030306,0.22666666666666666,0.27787878787878784,0.3127272727272727
linear-kernel svm,0.0,0.3209090909090909,0.17333333333333334,0.0,0.42696969696969705,0.36484848484848487,0.0,0.40242424242424235,0.3527272727272727,0.18818181818181817,0.40545454545454546,0.3372727272727273,0.3281818181818182,0.28575757575757577,0.37212121212121213
RBF-kernel svm,0.0,0.0,0.06666666666666667,0.0,0.0,0.16666666666666666,0.2581818181818182,0.0,0.0,0.19,0.0,0.0,0.1915151515151515,0.0,0.0
RBF-kernel GPR,0.0,0.1393939393939394,0.0,0.0,0.0,0.0,0.0,0.2412121212121212,0.0,0.05333333333333333,0.29454545454545455,0.0,0.05333333333333333,0.12303030303030302,0.05636363636363637
matern-kernel GPR,0.0,0.0,0.03333333333333333,0.0,0.0,0.03333333333333333,0.0,0.1,0.0,0.08666666666666667,0.1,0.0,0.08666666666666667,0.0,0.0
