,gene,Cer,Acy,Sph,gene_Cer,gene_Acy,gene_Sph,Acy_Cer,Sph_Cer,Sph_Acy,gene_Acy_Cer,gene_Sph_Cer,gene_Sph_Acy,Cer_Acy_Sph,gene_Cer_Acy_Sph
logistic reg,0.0,0.25098290598290596,0.08153846153846153,0.0,0.27952991452991455,0.10653846153846154,0.09,0.26636752136752134,0.283974358974359,0.12153846153846153,0.2373076923076923,0.27952991452991455,0.17153846153846153,0.21914529914529912,0.22192307692307695
logistic reg-lasso,0.0,0.2355982905982906,0.08153846153846153,0.0,0.27952991452991455,0.10653846153846154,0.09,0.24414529914529912,0.26636752136752134,0.12153846153846153,0.19730769230769232,0.27952991452991455,0.13153846153846155,0.21914529914529912,0.22192307692307695
linear-kernel svm,0.0,0.3421367521367521,0.11444444444444443,0.0,0.35012820512820514,0.2916666666666667,0.0,0.3085897435897436,0.3621367521367521,0.11722222222222223,0.2817521367521368,0.35713675213675217,0.3391452991452991,0.35935897435897435,0.34329059829059827
RBF-kernel svm,0.0,0.0,0.04722222222222222,0.015384615384615385,0.0,0.025,0.1626068376068376,0.0,0.0,0.197991452991453,0.0,0.0,0.24299145299145297,0.0,0.0
RBF-kernel GPR,0.0,0.08444444444444445,0.0,0.015384615384615385,0.04444444444444444,0.0,0.0,0.17666666666666667,0.0,0.10222222222222221,0.19666666666666666,0.0,0.0,0.12666666666666665,0.06666666666666667
matern-kernel GPR,0.0,0.0,0.0,0.015384615384615385,0.0,0.0,0.0,0.0,0.0,0.10222222222222221,0.0,0.0,0.04,0.0,0.0
