,gene,Cer,Acy,Sph,gene_Cer,gene_Acy,gene_Sph,Acy_Cer,Sph_Cer,Sph_Acy,gene_Acy_Cer,gene_Sph_Cer,gene_Sph_Acy,Cer_Acy_Sph,gene_Cer_Acy_Sph
logistic reg,0.0,0.25897435897435894,0.1141025641025641,0.0,0.29435897435897435,0.2328205128205128,0.05833333333333333,0.28025641025641024,0.21858974358974356,0.12371794871794872,0.28858974358974354,0.22897435897435897,0.2278205128205128,0.23987179487179486,0.31358974358974356
logistic reg-lasso,0.0,0.23397435897435895,0.09871794871794871,0.0,0.2693589743589744,0.1828205128205128,0.05833333333333333,0.26487179487179485,0.24358974358974356,0.12371794871794872,0.2982051282051282,0.22897435897435897,0.20782051282051278,0.23987179487179486,0.31358974358974356
linear-kernel svm,0.0,0.2682051282051282,0.1141025641025641,0.0,0.40935897435897434,0.393974358974359,0.0,0.3985897435897436,0.24320512820512818,0.1637179487179487,0.39102564102564097,0.37858974358974357,0.3528205128205128,0.3632051282051282,0.3852564102564102
RBF-kernel svm,0.0,0.0,0.025,0.0,0.0,0.17948717948717946,0.05,0.0,0.0,0.24243589743589739,0.0,0.0,0.26743589743589735,0.0,0.0
RBF-kernel GPR,0.0,0.05,0.0,0.0,0.05,0.0,0.0,0.18205128205128202,0.0,0.0,0.24358974358974356,0.0,0.03333333333333333,0.11282051282051282,0.07692307692307693
matern-kernel GPR,0.0,0.025,0.0,0.0,0.0,0.0,0.05,0.025,0.0,0.09166666666666666,0.05,0.0,0.03333333333333333,0.0,0.0
