,gene,Cer,Acy,Sph,gene_Cer,gene_Acy,gene_Sph,Acy_Cer,Sph_Cer,Sph_Acy,gene_Acy_Cer,gene_Sph_Cer,gene_Sph_Acy,Cer_Acy_Sph,gene_Cer_Acy_Sph
logistic reg,0.0,0.038181818181818185,0.0,0.0,0.0715151515151515,0.0,0.0,0.038181818181818185,0.038181818181818185,0.0,0.0715151515151515,0.0715151515151515,0.0,0.038181818181818185,0.0715151515151515
logistic reg-lasso,0.0,0.038181818181818185,0.0,0.0,0.0715151515151515,0.0,0.0,0.038181818181818185,0.038181818181818185,0.0,0.0715151515151515,0.0715151515151515,0.0,0.038181818181818185,0.0715151515151515
linear-kernel svm,0.0,0.3842424242424242,0.13333333333333333,0.0,0.40727272727272723,0.3881818181818182,0.0,0.43575757575757573,0.30121212121212115,0.16666666666666666,0.45575757575757575,0.3542424242424243,0.5112121212121211,0.4375757575757576,0.4206060606060606
RBF-kernel svm,0.0,0.03333333333333333,0.0,0.05,0.03333333333333333,0.0,0.13333333333333333,0.0,0.03333333333333333,0.0,0.03333333333333333,0.03333333333333333,0.06666666666666667,0.0,0.03333333333333333
RBF-kernel GPR,0.0,0.0,0.0,0.0,0.0,0.0,0.0,0.0,0.0,0.0,0.0,0.0,0.0,0.0,0.0
matern-kernel GPR,0.0,0.0,0.0,0.0,0.0,0.0,0.0,0.0,0.0,0.0,0.0,0.0,0.0,0.0,0.0
