,gene,Cer,Acy,Sph,gene_Cer,gene_Acy,gene_Sph,Acy_Cer,Sph_Cer,Sph_Acy,gene_Acy_Cer,gene_Sph_Cer,gene_Sph_Acy,Cer_Acy_Sph,gene_Cer_Acy_Sph
logistic reg,0.0,0.025,0.0,0.0,0.095,0.0,0.0,0.025,0.025,0.0,0.12,0.06999999999999999,0.0,0.025,0.12
logistic reg-lasso,0.0,0.025,0.0,0.0,0.05,0.0,0.0,0.025,0.025,0.0,0.075,0.05,0.0,0.025,0.075
linear-kernel svm,0.0,0.42153846153846153,0.0,0.0,0.4069230769230769,0.3832051282051282,0.0,0.4256410256410256,0.3882051282051282,0.025,0.4839743589743589,0.4176923076923077,0.32153846153846155,0.436025641025641,0.5039743589743589
RBF-kernel svm,0.0,0.0,0.0,0.025,0.0,0.0,0.025,0.0,0.0,0.0,0.0,0.0,0.03333333333333333,0.0,0.0
RBF-kernel GPR,0.0,0.0,0.0,0.0,0.0,0.0,0.0,0.0,0.0,0.0,0.0,0.0,0.0,0.0,0.0
matern-kernel GPR,0.0,0.0,0.0,0.0,0.0,0.0,0.0,0.0,0.0,0.0,0.0,0.0,0.0,0.0,0.0
