,gene,Cer,Acy,Sph,gene_Cer,gene_Acy,gene_Sph,Acy_Cer,Sph_Cer,Sph_Acy,gene_Acy_Cer,gene_Sph_Cer,gene_Sph_Acy,Cer_Acy_Sph,gene_Cer_Acy_Sph
logistic reg,0.0,0.065,0.0,0.0,0.10500000000000001,0.0,0.0,0.065,0.065,0.0,0.10500000000000001,0.10500000000000001,0.0,0.065,0.10500000000000001
logistic reg-lasso,0.0,0.065,0.0,0.0,0.10500000000000001,0.0,0.0,0.065,0.065,0.0,0.10500000000000001,0.10500000000000001,0.0,0.065,0.10500000000000001
linear-kernel svm,0.0,0.4261965811965812,0.0,0.0,0.29175213675213674,0.14944444444444444,0.0,0.36136752136752137,0.4208119658119657,0.0,0.38991452991452996,0.313974358974359,0.19521367521367522,0.3967521367521368,0.38991452991452996
RBF-kernel svm,0.0,0.0,0.0,0.0,0.0,0.0,0.06222222222222222,0.0,0.0,0.0,0.0,0.0,0.0,0.0,0.0
RBF-kernel GPR,0.0,0.0,0.0,0.0,0.04,0.0,0.0,0.0,0.0,0.0,0.04,0.04,0.0,0.0,0.04
matern-kernel GPR,0.0,0.0,0.0,0.0,0.0,0.0,0.0,0.0,0.0,0.0,0.0,0.0,0.0,0.0,0.0
