,gene,Cer,Acy,Sph,gene_Cer,gene_Acy,gene_Sph,Acy_Cer,Sph_Cer,Sph_Acy,gene_Acy_Cer,gene_Sph_Cer,gene_Sph_Acy,Cer_Acy_Sph,gene_Cer_Acy_Sph
logistic reg,0.7369458128078819,0.6389162561576355,0.6177339901477833,0.6123152709359606,0.6460591133004927,0.6669950738916256,0.7509852216748769,0.5977832512315272,0.6251231527093596,0.6049261083743842,0.6184729064039409,0.6598522167487685,0.6603448275862069,0.6248768472906403,0.6596059113300492
logistic reg-lasso,0.7369458128078819,0.6251231527093596,0.6179802955665025,0.6123152709359606,0.6391625615763546,0.6810344827586207,0.7509852216748769,0.5977832512315271,0.6391625615763546,0.5980295566502464,0.611576354679803,0.6736453201970445,0.6672413793103449,0.6251231527093595,0.6736453201970445
linear-kernel svm,0.7369458128078819,0.6118226600985223,0.5758620689655173,0.6674876847290641,0.6120689655172414,0.6532019704433498,0.7369458128078819,0.5071428571428571,0.5899014778325122,0.5692118226600985,0.5773399014778325,0.6463054187192119,0.6603448275862069,0.5830049261083744,0.6463054187192119
RBF-kernel svm,0.7300492610837439,0.6460591133004927,0.6179802955665025,0.6399014778325123,0.6460591133004927,0.7019704433497537,0.7233990147783251,0.6532019704433498,0.6807881773399015,0.625615763546798,0.6532019704433498,0.6667487684729064,0.6674876847290641,0.6600985221674878,0.6600985221674878
RBF-kernel GPR,0.7300492610837439,0.562807881773399,0.6605911330049261,0.6674876847290641,0.5908866995073891,0.6605911330049261,0.688423645320197,0.4862068965517242,0.569704433497537,0.6674876847290641,0.4862068965517242,0.6261083743842365,0.6674876847290641,0.45862068965517244,0.527832512315271
matern-kernel GPR,0.7300492610837439,0.6603448275862069,0.6674876847290641,0.6674876847290641,0.6189655172413794,0.6674876847290641,0.688423645320197,0.5899014778325122,0.6603448275862069,0.6674876847290641,0.6258620689655172,0.6399014778325123,0.6674876847290641,0.5637931034482758,0.6327586206896552
