,gene,Cer,Acy,Sph,gene_Cer,gene_Acy,gene_Sph,Acy_Cer,Sph_Cer,Sph_Acy,gene_Acy_Cer,gene_Sph_Cer,gene_Sph_Acy,Cer_Acy_Sph,gene_Cer_Acy_Sph
logistic reg,0.7359605911330049,0.59064039408867,0.653448275862069,0.6455665024630541,0.6184729064039409,0.7017241379310344,0.7423645320197044,0.5908866995073891,0.6248768472906404,0.5903940886699508,0.6396551724137931,0.6669950738916256,0.6805418719211822,0.6674876847290641,0.6743842364532019
logistic reg-lasso,0.7359605911330049,0.5977832512315271,0.653448275862069,0.6455665024630541,0.6460591133004927,0.7017241379310344,0.7423645320197044,0.5980295566502463,0.6458128078817734,0.5903940886699508,0.6394088669950738,0.6810344827586207,0.6805418719211822,0.6600985221674878,0.6746305418719212
linear-kernel svm,0.7152709359605911,0.5970443349753694,0.6463054187192119,0.6667487684729064,0.6603448275862069,0.7152709359605912,0.7152709359605911,0.5137931034482759,0.5766009852216749,0.6110837438423645,0.6187192118226601,0.6876847290640395,0.6945812807881773,0.5761083743842363,0.667487684729064
RBF-kernel svm,0.7152709359605911,0.6460591133004925,0.6529556650246306,0.6460591133004927,0.6738916256157635,0.7150246305418719,0.7290640394088671,0.6598522167487685,0.6874384236453202,0.6524630541871921,0.6598522167487685,0.6874384236453202,0.7078817733990148,0.6598522167487685,0.6805418719211822
RBF-kernel GPR,0.7290640394088671,0.5625615763546797,0.6667487684729064,0.6667487684729064,0.6039408866995073,0.6667487684729064,0.7152709359605911,0.5064039408866996,0.5970443349753694,0.6667487684729064,0.5201970443349754,0.5970443349753694,0.6667487684729064,0.5199507389162561,0.554679802955665
matern-kernel GPR,0.7290640394088671,0.5972906403940887,0.6667487684729064,0.6667487684729064,0.6039408866995073,0.6667487684729064,0.7083743842364532,0.5270935960591132,0.6039408866995073,0.6667487684729064,0.5615763546798029,0.6036945812807881,0.6667487684729064,0.533743842364532,0.5615763546798029
