,gene,Cer,Acy,Sph,gene_Cer,gene_Acy,gene_Sph,Acy_Cer,Sph_Cer,Sph_Acy,gene_Acy_Cer,gene_Sph_Cer,gene_Sph_Acy,Cer_Acy_Sph,gene_Cer_Acy_Sph
logistic reg,0.7160098522167487,0.6669950738916256,0.6736453201970443,0.6667487684729064,0.6879310344827586,0.7298029556650245,0.7366995073891627,0.6667487684729064,0.6738916256157635,0.6667487684729064,0.6879310344827586,0.7017241379310345,0.7298029556650245,0.6738916256157635,0.7017241379310345
logistic reg-lasso,0.7229064039408867,0.6669950738916256,0.6667487684729064,0.6667487684729064,0.6810344827586208,0.7298029556650245,0.7366995073891627,0.6738916256157635,0.6669950738916256,0.6667487684729064,0.6879310344827586,0.6879310344827586,0.7298029556650245,0.6738916256157635,0.6879310344827586
linear-kernel svm,0.7366995073891627,0.6184729064039409,0.6391625615763546,0.6667487684729064,0.646551724137931,0.7366995073891627,0.7366995073891627,0.6044334975369459,0.6049261083743842,0.6317733990147784,0.6120689655172413,0.6332512315270936,0.7019704433497538,0.5423645320197045,0.6118226600985223
RBF-kernel svm,0.6945812807881774,0.6598522167487685,0.6320197044334975,0.6524630541871921,0.7086206896551724,0.7088669950738915,0.7229064039408867,0.6667487684729064,0.6600985221674878,0.6389162561576355,0.7019704433497537,0.7157635467980296,0.7157635467980296,0.6667487684729064,0.7088669950738915
RBF-kernel GPR,0.7014778325123153,0.6805418719211824,0.6596059113300492,0.6667487684729064,0.7019704433497537,0.6945812807881774,0.7014778325123153,0.6807881773399015,0.6945812807881774,0.6665024630541871,0.7088669950738915,0.7091133004926109,0.6945812807881774,0.6876847290640395,0.7160098522167487
matern-kernel GPR,0.7014778325123153,0.6736453201970443,0.6598522167487685,0.6667487684729064,0.702216748768473,0.6945812807881774,0.7014778325123153,0.6667487684729064,0.6736453201970443,0.6598522167487685,0.702216748768473,0.6953201970443349,0.7014778325123153,0.6667487684729064,0.7091133004926109
