,gene,Cer,Acy,Sph,gene_Cer,gene_Acy,gene_Sph,Acy_Cer,Sph_Cer,Sph_Acy,gene_Acy_Cer,gene_Sph_Cer,gene_Sph_Acy,Cer_Acy_Sph,gene_Cer_Acy_Sph
logistic reg,0.7369458128078819,0.6532019704433498,0.674384236453202,0.6674876847290641,0.7022167487684727,0.7369458128078819,0.7369458128078819,0.6672413793103449,0.6603448275862069,0.674384236453202,0.7160098522167487,0.7022167487684727,0.7438423645320198,0.6672413793103449,0.7160098522167487
logistic reg-lasso,0.7369458128078819,0.6603448275862069,0.6674876847290641,0.6674876847290641,0.7022167487684727,0.7438423645320198,0.7369458128078819,0.6672413793103449,0.6603448275862069,0.6674876847290641,0.7160098522167487,0.7022167487684727,0.7438423645320198,0.6672413793103449,0.7091133004926107
linear-kernel svm,0.7369458128078819,0.6394088669950739,0.6391625615763546,0.6674876847290641,0.6527093596059113,0.7369458128078819,0.7369458128078819,0.5699507389162561,0.6394088669950739,0.625615763546798,0.610591133004926,0.6460591133004925,0.7438423645320197,0.5903940886699507,0.6246305418719211
RBF-kernel svm,0.7300492610837439,0.6672413793103449,0.6253694581280789,0.6391625615763546,0.6879310344827585,0.7229064039408867,0.7438423645320197,0.6603448275862069,0.6672413793103449,0.653448275862069,0.6810344827586208,0.6810344827586207,0.7091133004926109,0.6672413793103449,0.6810344827586207
RBF-kernel GPR,0.7300492610837439,0.6672413793103449,0.6536945812807882,0.6605911330049261,0.7019704433497536,0.7305418719211824,0.7300492610837439,0.6672413793103449,0.6672413793103449,0.6605911330049261,0.7088669950738916,0.7019704433497536,0.716256157635468,0.6672413793103449,0.7160098522167487
matern-kernel GPR,0.7300492610837439,0.6672413793103449,0.6605911330049261,0.6674876847290641,0.7229064039408867,0.7374384236453203,0.7300492610837439,0.674384236453202,0.674384236453202,0.6674876847290641,0.7091133004926109,0.7091133004926109,0.7369458128078817,0.674384236453202,0.7091133004926109
