,gene,Cer,Acy,Sph,gene_Cer,gene_Acy,gene_Sph,Acy_Cer,Sph_Cer,Sph_Acy,gene_Acy_Cer,gene_Sph_Cer,gene_Sph_Acy,Cer_Acy_Sph,gene_Cer_Acy_Sph
logistic reg,0.7216748768472907,0.6529556650246306,0.6315270935960591,0.638423645320197,0.666256157635468,0.7073891625615764,0.7357142857142858,0.6108374384236452,0.6532019704433498,0.6241379310344828,0.638423645320197,0.6945812807881774,0.6726600985221676,0.6665024630541871,0.666256157635468
logistic reg-lasso,0.7216748768472907,0.6529556650246306,0.638423645320197,0.638423645320197,0.6943349753694582,0.7142857142857142,0.7357142857142858,0.6248768472906405,0.6463054187192119,0.6453201970443351,0.6527093596059113,0.6945812807881774,0.6726600985221676,0.6736453201970443,0.6800492610837438
linear-kernel svm,0.7147783251231528,0.5625615763546798,0.6177339901477833,0.6665024630541871,0.6733990147783252,0.6798029556650246,0.7147783251231528,0.5763546798029557,0.5977832512315271,0.5960591133004927,0.6177339901477833,0.6524630541871922,0.6726600985221675,0.6598522167487685,0.6805418719211822
RBF-kernel svm,0.7147783251231528,0.6389162561576355,0.6665024630541871,0.6665024630541871,0.6667487684729064,0.7147783251231528,0.7216748768472907,0.6182266009852216,0.6598522167487685,0.6453201970443349,0.6253694581280789,0.6738916256157635,0.7147783251231528,0.6460591133004927,0.6529556650246306
RBF-kernel GPR,0.7216748768472907,0.6322660098522167,0.6665024630541871,0.6527093596059113,0.6389162561576355,0.6805418719211822,0.6940886699507389,0.520935960591133,0.6667487684729064,0.6665024630541871,0.5416256157635468,0.6386699507389163,0.6736453201970443,0.5970443349753694,0.6317733990147784
matern-kernel GPR,0.7078817733990148,0.6665024630541871,0.6665024630541871,0.6665024630541871,0.6458128078817734,0.6736453201970443,0.7009852216748769,0.5899014778325122,0.6665024630541871,0.6665024630541871,0.6389162561576355,0.6665024630541871,0.6665024630541871,0.6039408866995075,0.6251231527093596
