,gene,Cer,Acy,Sph,gene_Cer,gene_Acy,gene_Sph,Acy_Cer,Sph_Cer,Sph_Acy,gene_Acy_Cer,gene_Sph_Cer,gene_Sph_Acy,Cer_Acy_Sph,gene_Cer_Acy_Sph
logistic reg,0.7160098522167487,0.5827586206896551,0.6253694581280789,0.6251231527093596,0.6320197044334975,0.653448275862069,0.7160098522167487,0.6036945812807881,0.5970443349753694,0.6320197044334976,0.6108374384236454,0.6669950738916256,0.6253694581280789,0.6317733990147782,0.6600985221674878
logistic reg-lasso,0.7229064039408867,0.6172413793103448,0.6251231527093596,0.6251231527093596,0.6320197044334975,0.6396551724137931,0.7160098522167487,0.6036945812807881,0.5901477832512315,0.6251231527093595,0.5901477832512315,0.6669950738916256,0.632512315270936,0.6527093596059113,0.6603448275862069
linear-kernel svm,0.7366995073891627,0.5761083743842365,0.6039408866995073,0.6667487684729064,0.6258620689655172,0.6738916256157637,0.7366995073891627,0.5692118226600985,0.5684729064039409,0.5972906403940887,0.611576354679803,0.653448275862069,0.6669950738916256,0.6320197044334976,0.646551724137931
RBF-kernel svm,0.6945812807881774,0.6524630541871921,0.6667487684729064,0.6453201970443349,0.6738916256157637,0.7160098522167487,0.7091133004926109,0.6667487684729064,0.6945812807881773,0.6463054187192119,0.6879310344827586,0.7083743842364532,0.7019704433497537,0.6667487684729064,0.6807881773399015
RBF-kernel GPR,0.7014778325123153,0.5896551724137931,0.6667487684729064,0.6460591133004927,0.5963054187192119,0.6736453201970443,0.6948275862068966,0.5211822660098522,0.6524630541871922,0.6667487684729064,0.5354679802955664,0.6529556650246306,0.6667487684729064,0.5482758620689655,0.562807881773399
matern-kernel GPR,0.7014778325123153,0.6529556650246306,0.6667487684729064,0.6667487684729064,0.6667487684729064,0.6736453201970443,0.6738916256157637,0.548768472906404,0.6736453201970443,0.6667487684729064,0.6458128078817734,0.6736453201970443,0.6667487684729064,0.6310344827586206,0.6522167487684729
