,gene,Cer,Acy,Sph,gene_Cer,gene_Acy,gene_Sph,Acy_Cer,Sph_Cer,Sph_Acy,gene_Acy_Cer,gene_Sph_Cer,gene_Sph_Acy,Cer_Acy_Sph,gene_Cer_Acy_Sph
logistic reg,0.7216748768472907,0.6665024630541871,0.6733990147783251,0.6665024630541871,0.6938423645320198,0.7354679802955666,0.7423645320197043,0.6596059113300492,0.6596059113300492,0.6733990147783251,0.6940886699507389,0.7009852216748769,0.7354679802955666,0.6596059113300492,0.7009852216748768
logistic reg-lasso,0.7216748768472907,0.6665024630541871,0.6733990147783251,0.6665024630541871,0.7009852216748769,0.7354679802955666,0.7423645320197043,0.6596059113300492,0.6527093596059113,0.6733990147783251,0.7009852216748769,0.7009852216748769,0.7354679802955666,0.6527093596059113,0.7078817733990148
linear-kernel svm,0.7147783251231528,0.6605911330049261,0.6389162561576355,0.6665024630541871,0.6386699507389163,0.7147783251231528,0.7147783251231528,0.6389162561576354,0.6177339901477833,0.6034482758620691,0.6115763546798029,0.6458128078817734,0.6798029556650246,0.6179802955665025,0.6596059113300492
RBF-kernel svm,0.7147783251231528,0.6458128078817734,0.6386699507389163,0.6246305418719211,0.6943349753694582,0.7145320197044335,0.7147783251231526,0.6527093596059113,0.6458128078817734,0.6455665024630541,0.680295566502463,0.6940886699507389,0.7145320197044336,0.65935960591133,0.6800492610837439
RBF-kernel GPR,0.7216748768472907,0.6596059113300492,0.65935960591133,0.6522167487684729,0.7009852216748769,0.7216748768472907,0.7147783251231526,0.680295566502463,0.6665024630541871,0.65935960591133,0.7009852216748769,0.7078817733990148,0.7216748768472907,0.680295566502463,0.7009852216748769
matern-kernel GPR,0.7078817733990148,0.6596059113300492,0.6665024630541871,0.65935960591133,0.687192118226601,0.7216748768472907,0.7078817733990148,0.6665024630541871,0.6596059113300492,0.6522167487684729,0.687192118226601,0.687192118226601,0.7147783251231528,0.6665024630541871,0.687192118226601
