,gene,Cer,Acy,Sph,gene_Cer,gene_Acy,gene_Sph,Acy_Cer,Sph_Cer,Sph_Acy,gene_Acy_Cer,gene_Sph_Cer,gene_Sph_Acy,Cer_Acy_Sph,gene_Cer_Acy_Sph
logistic reg,0.7359605911330049,0.6736453201970443,0.6736453201970443,0.6667487684729064,0.7083743842364532,0.7290640394088671,0.7359605911330049,0.6736453201970443,0.6598522167487685,0.6736453201970443,0.7221674876847292,0.7083743842364532,0.7359605911330049,0.6736453201970443,0.7221674876847292
logistic reg-lasso,0.7359605911330049,0.6598522167487685,0.6667487684729064,0.6667487684729064,0.7083743842364532,0.7290640394088671,0.7359605911330049,0.6667487684729064,0.6667487684729064,0.6667487684729064,0.7152709359605912,0.7083743842364532,0.7359605911330049,0.6598522167487685,0.7221674876847292
linear-kernel svm,0.7152709359605911,0.6041871921182266,0.6529556650246306,0.6667487684729064,0.6522167487684729,0.7152709359605911,0.7152709359605911,0.5342364532019704,0.5899014778325122,0.6386699507389163,0.5894088669950739,0.6381773399014777,0.7147783251231528,0.5761083743842365,0.617487684729064
RBF-kernel svm,0.7152709359605911,0.6598522167487685,0.6738916256157635,0.6529556650246306,0.7014778325123153,0.7224137931034482,0.722167487684729,0.6529556650246306,0.6736453201970443,0.6598522167487685,0.7155172413793104,0.7152709359605912,0.7362068965517242,0.6598522167487685,0.7155172413793103
RBF-kernel GPR,0.7290640394088671,0.6736453201970443,0.6736453201970443,0.6458128078817734,0.7290640394088671,0.7428571428571429,0.7359605911330049,0.6805418719211822,0.6736453201970443,0.6736453201970443,0.7359605911330049,0.7359605911330049,0.7428571428571429,0.6805418719211822,0.7359605911330049
matern-kernel GPR,0.7290640394088671,0.6667487684729064,0.6736453201970443,0.6598522167487685,0.722167487684729,0.7359605911330049,0.7428571428571429,0.6667487684729064,0.6736453201970443,0.6736453201970443,0.7152709359605912,0.722167487684729,0.7428571428571429,0.6667487684729064,0.722167487684729
