,gene,TG,Cer,DG,gene_TG,gene_Cer,gene_DG,TG_Cer,TG_DG,DG_Cer,gene_TG_Cer,gene_TG_DG,gene_DG_Cer,TG_Cer_DG,gene_TG_Cer_DG
logistic reg,0.21611111111111114,0.35055555555555556,0.5688888888888889,0.5338888888888889,0.38388888888888884,0.5466666666666666,0.5272222222222223,0.2922222222222222,0.40555555555555556,0.47888888888888886,0.2922222222222222,0.4305555555555555,0.47888888888888886,0.40555555555555556,0.40555555555555556
logistic reg-lasso,0.21611111111111114,0.37277777777777776,0.5911111111111111,0.49388888888888893,0.4061111111111111,0.5688888888888889,0.5522222222222223,0.2922222222222222,0.3655555555555555,0.5122222222222222,0.2922222222222222,0.3655555555555555,0.47888888888888886,0.40555555555555556,0.40555555555555556
linear-kernel svm,0.21611111111111114,0.3505555555555555,0.5866666666666667,0.5411111111111111,0.4488888888888889,0.5605555555555555,0.6311111111111112,0.39055555555555554,0.47055555555555556,0.5038888888888888,0.3683333333333333,0.566111111111111,0.5994444444444444,0.3433333333333333,0.40166666666666667
RBF-kernel svm,0.21611111111111114,0.3127777777777777,0.4127777777777778,0.5772222222222223,0.2627777777777777,0.4127777777777778,0.6105555555555555,0.3055555555555555,0.325,0.5011111111111111,0.3055555555555555,0.325,0.5344444444444445,0.30277777777777776,0.30277777777777776
RBF-kernel GPR,0.21611111111111114,0.33499999999999996,0.5705555555555556,0.4305555555555555,0.33499999999999996,0.6105555555555555,0.35277777777777775,0.3905555555555555,0.31166666666666665,0.5922222222222222,0.4305555555555555,0.31166666666666665,0.558888888888889,0.4572222222222222,0.4572222222222222
matern-kernel GPR,0.21611111111111114,0.27,0.5661111111111111,0.4305555555555555,0.24500000000000002,0.5661111111111111,0.39722222222222225,0.24888888888888888,0.3333333333333333,0.558888888888889,0.24888888888888888,0.29333333333333333,0.558888888888889,0.32944444444444443,0.32944444444444443
