,gene,TG,Cer,DG,gene_TG,gene_Cer,gene_DG,TG_Cer,TG_DG,DG_Cer,gene_TG_Cer,gene_TG_DG,gene_DG_Cer,TG_Cer_DG,gene_TG_Cer_DG
logistic reg,0.19158730158730158,0.3465873015873016,0.4338888888888889,0.5337301587301587,0.3465873015873016,0.4338888888888889,0.5337301587301587,0.3252380952380952,0.5210317460317461,0.39825396825396825,0.30023809523809525,0.5210317460317461,0.43825396825396823,0.37246031746031744,0.37246031746031744
logistic reg-lasso,0.19158730158730158,0.3802380952380952,0.4624603174603175,0.555952380952381,0.3802380952380952,0.4624603174603175,0.5337301587301587,0.30023809523809525,0.5210317460317461,0.5004761904761905,0.30023809523809525,0.48103174603174603,0.5004761904761905,0.39468253968253963,0.39468253968253963
linear-kernel svm,0.19158730158730158,0.4901587301587301,0.556031746031746,0.555952380952381,0.4215873015873016,0.5996825396825397,0.5346031746031745,0.3252380952380952,0.48103174603174603,0.5481746031746032,0.36523809523809525,0.4838095238095238,0.4438095238095238,0.39468253968253963,0.39468253968253963
RBF-kernel svm,0.19158730158730158,0.3715873015873016,0.40444444444444444,0.5051587301587301,0.3465873015873016,0.4444444444444445,0.5051587301587301,0.3207936507936508,0.40015873015873016,0.5424603174603175,0.3207936507936508,0.40015873015873016,0.5424603174603175,0.3207936507936508,0.3207936507936508
RBF-kernel GPR,0.19158730158730158,0.40015873015873016,0.6591269841269841,0.4365873015873015,0.40015873015873016,0.6146825396825396,0.3965873015873016,0.5096825396825397,0.41960317460317464,0.5654761904761905,0.5096825396825397,0.41960317460317464,0.5432539682539682,0.5096825396825397,0.5096825396825397
matern-kernel GPR,0.19158730158730158,0.40015873015873016,0.5166666666666667,0.4365873015873015,0.40015873015873016,0.5166666666666667,0.3965873015873016,0.45968253968253964,0.40015873015873016,0.5682539682539682,0.45968253968253964,0.40015873015873016,0.5682539682539682,0.4374603174603175,0.4374603174603175
