,gene,TG,Cer,DG,gene_TG,gene_Cer,gene_DG,TG_Cer,TG_DG,DG_Cer,gene_TG_Cer,gene_TG_DG,gene_DG_Cer,TG_Cer_DG,gene_TG_Cer_DG
logistic reg,0.21261904761904762,0.418095238095238,0.5211904761904762,0.5402380952380953,0.418095238095238,0.4878571428571428,0.5402380952380953,0.3597619047619047,0.41452380952380946,0.5195238095238095,0.3597619047619047,0.41452380952380946,0.5195238095238095,0.4247619047619048,0.4647619047619048
logistic reg-lasso,0.21261904761904762,0.44666666666666666,0.5211904761904762,0.5116666666666666,0.44666666666666666,0.5497619047619048,0.5402380952380953,0.3597619047619047,0.35619047619047617,0.5445238095238094,0.3597619047619047,0.4097619047619047,0.5445238095238094,0.44976190476190475,0.44976190476190475
linear-kernel svm,0.21261904761904762,0.4,0.5397619047619048,0.5116666666666666,0.39642857142857146,0.6688095238095239,0.562142857142857,0.39976190476190476,0.3995238095238095,0.5230952380952381,0.39976190476190476,0.4280952380952381,0.5688095238095239,0.4647619047619048,0.4247619047619048
RBF-kernel svm,0.21261904761904762,0.314047619047619,0.40095238095238095,0.49976190476190474,0.314047619047619,0.45928571428571424,0.3961904761904762,0.364047619047619,0.3676190476190476,0.47833333333333333,0.364047619047619,0.34261904761904766,0.47833333333333333,0.39261904761904765,0.39261904761904765
RBF-kernel GPR,0.21261904761904762,0.3973809523809524,0.5735714285714286,0.4097619047619048,0.3973809523809524,0.5735714285714286,0.36761904761904757,0.39642857142857146,0.4576190476190476,0.4966666666666666,0.4583333333333333,0.4576190476190476,0.5252380952380953,0.4966666666666666,0.4680952380952381
matern-kernel GPR,0.21261904761904762,0.40404761904761904,0.5735714285714286,0.44976190476190475,0.40404761904761904,0.5735714285714286,0.36761904761904757,0.4945238095238095,0.48619047619047623,0.506904761904762,0.4945238095238095,0.48619047619047623,0.506904761904762,0.4830952380952381,0.4830952380952381
