,gene,TG,Cer,DG,gene_TG,gene_Cer,gene_DG,TG_Cer,TG_DG,DG_Cer,gene_TG_Cer,gene_TG_DG,gene_DG_Cer,TG_Cer_DG,gene_TG_Cer_DG
logistic reg,0.3883405483405483,0.5373160173160173,0.39018759018759014,0.6363059163059163,0.5373160173160173,0.32796536796536796,0.6363059163059163,0.43341991341991337,0.566926406926407,0.40692640692640686,0.43341991341991337,0.5487445887445888,0.40692640692640686,0.501991341991342,0.501991341991342
logistic reg-lasso,0.3883405483405483,0.5191341991341991,0.3501875901875902,0.6363059163059163,0.5191341991341991,0.32796536796536796,0.6363059163059163,0.43341991341991337,0.48017316017316014,0.4513708513708513,0.43341991341991337,0.48017316017316014,0.4513708513708513,0.501991341991342,0.501991341991342
linear-kernel svm,0.3883405483405483,0.5195382395382395,0.31694083694083697,0.6881385281385282,0.5195382395382395,0.39290043290043286,0.6632034632034631,0.41119769119769123,0.49096681096681094,0.44733044733044736,0.46834054834054833,0.5817604617604617,0.4109668109668109,0.5423953823953823,0.570966810966811
RBF-kernel svm,0.3883405483405483,0.40611832611832616,0.34158730158730155,0.5777200577200576,0.40611832611832616,0.3193650793650794,0.5813564213564213,0.3775468975468975,0.46834054834054833,0.40421356421356425,0.3775468975468975,0.46834054834054833,0.4327849927849927,0.3997691197691198,0.3997691197691198
RBF-kernel GPR,0.3883405483405483,0.5023953823953823,0.5640981240981241,0.48421356421356415,0.48017316017316014,0.5459163059163059,0.5127849927849928,0.5236940836940838,0.4946031746031746,0.6218759018759019,0.5418759018759018,0.4946031746031746,0.6218759018759019,0.4951226551226551,0.4951226551226551
matern-kernel GPR,0.3883405483405483,0.4838095238095238,0.5133044733044733,0.461991341991342,0.4838095238095238,0.4951226551226551,0.46834054834054833,0.5283694083694084,0.4901587301587302,0.6504473304473304,0.5283694083694084,0.4901587301587302,0.6504473304473304,0.5865512265512265,0.5683694083694084
