,gene,Cer,Acy,Sph,gene_Cer,gene_Acy,gene_Sph,Acy_Cer,Sph_Cer,Sph_Acy,gene_Acy_Cer,gene_Sph_Cer,gene_Sph_Acy,Cer_Acy_Sph,gene_Cer_Acy_Sph
logistic reg,0.0,0.3352380952380953,0.2461538461538461,0.0,0.395,0.33969696969696966,0.1,0.3142857142857143,0.34564935064935065,0.23484848484848486,0.3413919413919414,0.3677272727272728,0.42303030303030303,0.30453102453102454,0.3046176046176046
logistic reg-lasso,0.0,0.32571428571428573,0.2794871794871795,0.0,0.3783333333333333,0.3433333333333334,0.0,0.2857142857142857,0.29238095238095235,0.2515151515151515,0.33543956043956047,0.3394444444444445,0.34969696969696973,0.3194444444444444,0.32103174603174606
linear-kernel svm,0.0,0.32031746031746033,0.19285714285714287,0.0,0.3397368421052631,0.3976190476190476,0.0,0.33904761904761904,0.3020923520923521,0.29841269841269835,0.32611111111111113,0.29386809269162206,0.40641358641358644,0.2596031746031746,0.279766081871345
RBF-kernel svm,0.0,0.0,0.05714285714285714,0.0,0.0,0.13214285714285715,0.5366666666666666,0.0,0.0,0.6,0.0,0.0,0.6166666666666667,0.0,0.0
RBF-kernel GPR,0.0,0.1388888888888889,0.0,0.0,0.0,0.0,0.0,0.2883333333333333,0.0,0.24,0.3296969696969697,0.0,0.26666666666666666,0.1833333333333333,0.12380952380952381
matern-kernel GPR,0.0,0.0,0.04,0.0,0.0,0.05,0.0,0.06,0.0,0.4,0.06666666666666667,0.0,0.36666666666666664,0.0,0.0
