,gene,Cer,Acy,Sph,gene_Cer,gene_Acy,gene_Sph,Acy_Cer,Sph_Cer,Sph_Acy,gene_Acy_Cer,gene_Sph_Cer,gene_Sph_Acy,Cer_Acy_Sph,gene_Cer_Acy_Sph
logistic reg,0.0,0.3,0.0,0.0,0.36666666666666664,0.0,0.0,0.3,0.3,0.0,0.36666666666666664,0.36666666666666664,0.0,0.3,0.36666666666666664
logistic reg-lasso,0.0,0.3,0.0,0.0,0.4666666666666666,0.0,0.0,0.3,0.3,0.0,0.4666666666666666,0.4666666666666666,0.0,0.3,0.4666666666666666
linear-kernel svm,0.0,0.4666666666666667,0.12121212121212119,0.0,0.5666666666666667,0.6545454545454545,0.0,0.46268398268398264,0.3883333333333333,0.09,0.43797979797979797,0.43428571428571433,0.5733333333333333,0.5107142857142857,0.4066666666666666
RBF-kernel svm,0.0,0.2,0.0,0.4,0.2,0.0,0.13,0.0,0.2,0.0,0.2,0.2,0.09523809523809523,0.0,0.2
RBF-kernel GPR,0.0,0.0,0.0,0.0,0.0,0.0,0.0,0.0,0.0,0.0,0.0,0.0,0.0,0.0,0.0
matern-kernel GPR,0.0,0.0,0.0,0.0,0.0,0.0,0.0,0.0,0.0,0.0,0.0,0.0,0.0,0.0,0.0
