,gene,Cer,Acy,Sph,gene_Cer,gene_Acy,gene_Sph,Acy_Cer,Sph_Cer,Sph_Acy,gene_Acy_Cer,gene_Sph_Cer,gene_Sph_Acy,Cer_Acy_Sph,gene_Cer_Acy_Sph
logistic reg,0.0,0.29714285714285715,0.22666666666666666,0.0,0.3624747474747475,0.3466666666666667,0.26666666666666666,0.34365079365079365,0.23106060606060605,0.2,0.41571428571428565,0.30920634920634915,0.3657142857142857,0.3038888888888889,0.3578571428571428
logistic reg-lasso,0.0,0.2757142857142857,0.19666666666666668,0.0,0.3461111111111111,0.3333333333333333,0.26666666666666666,0.3365079365079365,0.2655844155844156,0.2,0.42874458874458876,0.30476190476190473,0.3323809523809524,0.29555555555555557,0.3844444444444444
linear-kernel svm,0.0,0.27215007215007214,0.22333333333333333,0.0,0.37947496947496945,0.44833333333333336,0.0,0.31763791763791765,0.24014874014874016,0.3752380952380952,0.34757575757575754,0.3975824175824176,0.36883116883116884,0.31978021978021975,0.3813852813852813
RBF-kernel svm,0.0,0.0,0.2,0.0,0.0,0.4333333333333333,0.04444444444444444,0.0,0.0,0.8833333333333334,0.0,0.0,0.85,0.0,0.0
RBF-kernel GPR,0.0,0.05714285714285714,0.0,0.0,0.05,0.0,0.0,0.4219047619047619,0.0,0.0,0.29968253968253966,0.0,0.2,0.2333333333333333,0.125
matern-kernel GPR,0.0,0.04,0.0,0.0,0.0,0.0,0.06666666666666667,0.04,0.0,0.4,0.06666666666666667,0.0,0.2,0.0,0.0
