,gene,Cer,Acy,Sph,gene_Cer,gene_Acy,gene_Sph,Acy_Cer,Sph_Cer,Sph_Acy,gene_Acy_Cer,gene_Sph_Cer,gene_Sph_Acy,Cer_Acy_Sph,gene_Cer_Acy_Sph
logistic reg,0.0,0.2981168831168831,0.39999999999999997,0.0,0.40555555555555556,0.4066666666666666,0.16666666666666666,0.3276190476190476,0.2126984126984127,0.3466666666666666,0.3976190476190476,0.3457575757575757,0.3554112554112554,0.3038095238095238,0.2926190476190476
logistic reg-lasso,0.0,0.3190476190476191,0.39999999999999997,0.0,0.4419191919191919,0.4411111111111111,0.16666666666666666,0.3180952380952381,0.21936507936507937,0.3466666666666666,0.4309523809523809,0.38,0.4257142857142857,0.3038095238095238,0.2988095238095238
linear-kernel svm,0.0,0.26857142857142857,0.04,0.0,0.3445954045954046,0.41717171717171714,0.0,0.24683982683982686,0.2978205128205128,0.10666666666666666,0.3155538579067991,0.3051948051948052,0.3566233766233766,0.23129827688651217,0.29096638655462187
RBF-kernel svm,0.0,0.0,0.09444444444444444,0.05,0.0,0.20571428571428568,0.5666666666666667,0.0,0.0,0.6833333333333333,0.0,0.0,0.85,0.0,0.0
RBF-kernel GPR,0.0,0.13333333333333333,0.0,0.05,0.0,0.0,0.0,0.125,0.0,0.0,0.31,0.0,0.0,0.11666666666666665,0.18
matern-kernel GPR,0.0,0.0,0.0,0.0,0.0,0.0,0.0,0.025,0.0,0.4,0.06,0.0,0.2,0.0,0.0
