,gene,Cer,Acy,Sph,gene_Cer,gene_Acy,gene_Sph,Acy_Cer,Sph_Cer,Sph_Acy,gene_Acy_Cer,gene_Sph_Cer,gene_Sph_Acy,Cer_Acy_Sph,gene_Cer_Acy_Sph
logistic reg,0.0,0.2,0.0,0.0,0.27999999999999997,0.0,0.0,0.2,0.2,0.0,0.3,0.27999999999999997,0.0,0.2,0.3
logistic reg-lasso,0.0,0.2,0.0,0.0,0.27999999999999997,0.0,0.0,0.2,0.2,0.0,0.3,0.27999999999999997,0.0,0.2,0.3
linear-kernel svm,0.0,0.3771428571428571,0.0,0.0,0.37722222222222224,0.17047619047619048,0.0,0.39550505050505047,0.48857142857142855,0.0,0.407965367965368,0.38666666666666666,0.2966666666666667,0.4311111111111111,0.35212121212121217
RBF-kernel svm,0.0,0.0,0.0,0.0,0.0,0.0,0.09,0.0,0.0,0.0,0.0,0.0,0.0,0.0,0.0
RBF-kernel GPR,0.0,0.0,0.0,0.0,0.2,0.0,0.0,0.0,0.0,0.0,0.2,0.2,0.0,0.0,0.2
matern-kernel GPR,0.0,0.0,0.0,0.0,0.0,0.0,0.0,0.0,0.0,0.0,0.0,0.0,0.0,0.0,0.0
