,gene,Cer,Acy,Sph,gene_Cer,gene_Acy,gene_Sph,Acy_Cer,Sph_Cer,Sph_Acy,gene_Acy_Cer,gene_Sph_Cer,gene_Sph_Acy,Cer_Acy_Sph,gene_Cer_Acy_Sph
logistic reg,0.0,0.2,0.0,0.0,0.3,0.0,0.0,0.2,0.2,0.0,0.31666666666666665,0.26666666666666666,0.0,0.2,0.36666666666666664
logistic reg-lasso,0.0,0.2,0.0,0.0,0.2,0.0,0.0,0.2,0.2,0.0,0.3,0.3,0.0,0.2,0.3
linear-kernel svm,0.0,0.4733333333333333,0.0,0.0,0.43531746031746027,0.4990476190476191,0.0,0.5144444444444445,0.47777777777777786,0.05,0.5142857142857143,0.4374236874236875,0.4152380952380952,0.5059523809523809,0.44666666666666666
RBF-kernel svm,0.0,0.0,0.0,0.2,0.0,0.0,0.03333333333333333,0.0,0.0,0.0,0.0,0.0,0.2,0.0,0.0
RBF-kernel GPR,0.0,0.0,0.0,0.0,0.0,0.0,0.0,0.0,0.0,0.0,0.0,0.0,0.0,0.0,0.0
matern-kernel GPR,0.0,0.0,0.0,0.0,0.0,0.0,0.0,0.0,0.0,0.0,0.0,0.0,0.0,0.0,0.0
