,gene,Cer,Acy,Sph,gene_Cer,gene_Acy,gene_Sph,Acy_Cer,Sph_Cer,Sph_Acy,gene_Acy_Cer,gene_Sph_Cer,gene_Sph_Acy,Cer_Acy_Sph,gene_Cer_Acy_Sph
logistic reg,0.0,0.3076190476190476,0.16666666666666666,0.0,0.3877922077922078,0.2,0.2,0.3182539682539683,0.3062337662337662,0.22222222222222218,0.27666666666666667,0.314025974025974,0.2626984126984127,0.23805194805194807,0.2653968253968254
logistic reg-lasso,0.0,0.35444444444444445,0.16666666666666666,0.0,0.3771428571428571,0.2,0.2,0.2915873015873016,0.303015873015873,0.26666666666666666,0.26857142857142857,0.3320779220779221,0.20555555555555555,0.24805194805194802,0.2653968253968254
linear-kernel svm,0.0,0.29245754245754246,0.1511111111111111,0.0,0.3009372979961215,0.31999999999999995,0.0,0.2810678210678211,0.28966033966033966,0.1612121212121212,0.29480519480519474,0.2914285714285714,0.30244755244755245,0.30769230769230765,0.2986263736263736
RBF-kernel svm,0.0,0.0,0.16666666666666666,0.05,0.0,0.06666666666666667,0.3733333333333333,0.0,0.0,0.7,0.0,0.0,0.8166666666666667,0.0,0.0
RBF-kernel GPR,0.0,0.15714285714285714,0.0,0.05,0.08,0.0,0.0,0.1970779220779221,0.0,0.3333333333333333,0.21136363636363636,0.0,0.0,0.17142857142857143,0.08571428571428572
matern-kernel GPR,0.0,0.0,0.0,0.05,0.0,0.0,0.0,0.0,0.0,0.4,0.0,0.0,0.2,0.0,0.0
