,gene,TG,Cer,DG,gene_TG,gene_Cer,gene_DG,TG_Cer,TG_DG,DG_Cer,gene_TG_Cer,gene_TG_DG,gene_DG_Cer,TG_Cer_DG,gene_TG_Cer_DG
logistic reg,,0.365,0.7428571428571429,0.5927272727272728,0.37333333333333335,0.7428571428571429,0.6727272727272727,0.4844444444444444,0.38137973137973136,0.6833333333333333,0.4844444444444444,0.38137973137973136,0.6833333333333333,0.5123809523809524,0.5123809523809524
logistic reg-lasso,,0.3116883116883117,0.7428571428571429,0.607012987012987,0.29714285714285715,0.7428571428571429,0.6870129870129871,0.5305555555555556,0.40082417582417584,0.6861111111111111,0.5111111111111111,0.4174908424908425,0.6861111111111111,0.532077922077922,0.532077922077922
linear-kernel svm,,0.35777777777777775,0.6714285714285715,0.5023809523809524,0.4212121212121212,0.6376190476190476,0.53,0.525,0.3882051282051282,0.7135714285714286,0.495,0.39095238095238094,0.7057142857142857,0.5386363636363637,0.5440909090909092
RBF-kernel svm,,,0.6076190476190476,0.6488888888888888,,0.6253968253968254,0.612063492063492,,,0.6433333333333333,,,0.6533333333333333,,
RBF-kernel GPR,,0.4033333333333333,0.538888888888889,0.4955555555555556,0.4033333333333333,0.538888888888889,0.4866666666666667,0.38809523809523805,0.46984126984126984,0.5642857142857143,0.3666666666666666,0.46984126984126984,0.5642857142857143,0.3912698412698413,0.3912698412698413
matern-kernel GPR,,0.35,,0.5260317460317461,0.35,,0.5242857142857142,0.3738095238095238,0.475,0.6142857142857143,0.37857142857142856,0.4583333333333333,0.6142857142857143,0.4371428571428571,0.4371428571428571
