,gene,TG,Cer,DG,gene_TG,gene_Cer,gene_DG,TG_Cer,TG_DG,DG_Cer,gene_TG_Cer,gene_TG_DG,gene_DG_Cer,TG_Cer_DG,gene_TG_Cer_DG
logistic reg,,0.3619047619047619,0.6333333333333333,0.523015873015873,0.3619047619047619,0.6333333333333333,0.5587301587301587,0.5174603174603174,0.4638095238095238,0.7616666666666667,0.5174603174603174,0.4638095238095238,0.7083333333333334,0.5317460317460317,0.5317460317460317
logistic reg-lasso,,0.3761904761904762,0.6428571428571429,0.538888888888889,0.3761904761904762,0.6428571428571429,0.5144444444444445,0.5321428571428571,0.44952380952380955,0.7083333333333334,0.5321428571428571,0.44952380952380955,0.6845238095238095,0.5507936507936507,0.5507936507936507
linear-kernel svm,,0.4678571428571428,0.6047619047619047,0.5246031746031745,0.4595238095238095,0.62,0.49833333333333335,0.49682539682539684,0.4242063492063492,0.6571428571428571,0.5178571428571429,0.4242063492063492,0.6154761904761904,0.5035714285714286,0.4813492063492063
RBF-kernel svm,,,0.6323809523809523,0.5438095238095239,,0.6323809523809523,0.5461904761904762,,,0.673968253968254,,,0.6444444444444444,,
RBF-kernel GPR,,0.32738095238095233,0.5457142857142857,0.42857142857142866,0.32738095238095233,0.5657142857142857,0.42857142857142866,0.4238095238095238,0.4,0.6130952380952381,0.42714285714285716,0.4,0.6130952380952381,0.42666666666666664,0.41714285714285715
matern-kernel GPR,,0.32999999999999996,,0.49523809523809526,0.3252380952380952,0.5657142857142857,0.49523809523809526,0.38,0.3826190476190476,0.6430952380952382,0.38,0.3826190476190476,0.6430952380952382,0.440952380952381,0.42666666666666664
