,gene,TG,Cer,DG,gene_TG,gene_Cer,gene_DG,TG_Cer,TG_DG,DG_Cer,gene_TG_Cer,gene_TG_DG,gene_DG_Cer,TG_Cer_DG,gene_TG_Cer_DG
logistic reg,,0.4825396825396825,0.65,0.5599999999999999,0.4825396825396825,0.6321428571428571,0.5599999999999999,0.5821428571428571,0.5057142857142857,0.7285714285714285,0.6088095238095238,0.5168253968253967,0.7085714285714285,0.5433333333333333,0.5433333333333333
logistic reg-lasso,,0.5170634920634921,0.6428571428571428,0.5361904761904761,0.5170634920634921,0.6428571428571428,0.5700000000000001,0.5766666666666667,0.4644444444444444,0.7085714285714285,0.5766666666666667,0.4644444444444444,0.7085714285714285,0.5166666666666667,0.5166666666666667
linear-kernel svm,0.5285714285714286,0.47301587301587295,0.6109523809523809,0.5266666666666666,0.4837301587301587,0.5900000000000001,0.5304761904761905,0.5071428571428571,0.49595238095238087,0.7412698412698412,0.5,0.5009523809523809,0.6302380952380953,0.5257142857142857,0.529047619047619
RBF-kernel svm,0.5512987012987013,,0.6838095238095239,0.5630952380952381,,0.7238095238095238,0.5547619047619048,,,0.6444444444444445,,,0.6444444444444445,,
RBF-kernel GPR,0.5285714285714286,0.3866666666666666,0.5133333333333333,0.5452380952380953,0.3866666666666666,0.6033333333333333,0.5166666666666667,0.5226190476190476,0.40888888888888886,0.6085497835497835,0.5261904761904762,0.40888888888888886,0.5918831168831169,0.5174603174603174,0.5079365079365079
matern-kernel GPR,0.5512987012987013,0.3438095238095238,0.7116883116883116,0.5349999999999999,0.3438095238095238,0.6616883116883117,0.5349999999999999,0.4976190476190476,0.3946031746031746,0.6514285714285715,0.4976190476190476,0.3946031746031746,0.6514285714285715,0.513888888888889,0.513888888888889
