,gene,TG,Cer,DG,gene_TG,gene_Cer,gene_DG,TG_Cer,TG_DG,DG_Cer,gene_TG_Cer,gene_TG_DG,gene_DG_Cer,TG_Cer_DG,gene_TG_Cer_DG
logistic reg,,0.4557142857142857,0.6647619047619048,0.5447619047619048,0.4457142857142856,0.6647619047619048,0.5650000000000001,0.5455555555555556,0.48666666666666664,0.6536507936507937,0.5455555555555556,0.5044444444444445,0.679047619047619,0.5805555555555555,0.5805555555555555
logistic reg-lasso,,0.4545238095238095,0.6647619047619048,0.5314285714285714,0.4678571428571428,0.6433333333333333,0.5638095238095238,0.55,0.45928571428571424,0.6687301587301587,0.55,0.45928571428571424,0.6826190476190476,0.5755555555555556,0.5666666666666667
linear-kernel svm,0.5412087912087913,0.46880952380952384,0.6828571428571429,0.5545238095238095,0.49738095238095237,0.6792857142857143,0.558968253968254,0.5412698412698413,0.5119047619047619,0.6100000000000001,0.538888888888889,0.5176190476190475,0.6023809523809524,0.5698412698412698,0.5941269841269842
RBF-kernel svm,0.5518148518148518,0.43952380952380954,0.5403174603174603,0.5142857142857142,0.3895238095238095,0.5403174603174603,0.5583333333333333,0.48,0.4117460317460317,0.655,0.48,0.3895238095238095,0.6083333333333333,0.5301948051948052,0.5301948051948052
RBF-kernel GPR,,0.4119047619047619,0.58,0.5123015873015874,0.4119047619047619,0.5,0.5199999999999999,0.47714285714285715,0.46571428571428564,0.6722222222222223,0.45714285714285713,0.4523809523809524,0.6699999999999999,0.47904761904761906,0.47904761904761906
matern-kernel GPR,,0.37761904761904763,0.5357142857142858,0.5184126984126984,0.37761904761904763,0.48571428571428577,0.49301587301587296,0.45714285714285713,0.37642857142857145,0.6419047619047619,0.45714285714285713,0.37642857142857145,0.689047619047619,0.47904761904761906,0.47904761904761906
