,gene,TG,Cer,DG,gene_TG,gene_Cer,gene_DG,TG_Cer,TG_DG,DG_Cer,gene_TG_Cer,gene_TG_DG,gene_DG_Cer,TG_Cer_DG,gene_TG_Cer_DG
logistic reg,,0.2978571428571429,0.45595238095238094,0.5242857142857142,0.3264285714285714,0.4416666666666666,0.5385714285714286,0.32222222222222224,0.3688888888888888,0.4276190476190476,0.32222222222222224,0.39626984126984127,0.4492857142857143,0.37,0.37
logistic reg-lasso,,0.33376623376623377,0.4666666666666666,0.49571428571428566,0.3516233766233766,0.45595238095238094,0.5876190476190477,0.3022222222222222,0.32936507936507936,0.48317460317460315,0.3022222222222222,0.32936507936507936,0.4692857142857143,0.37,0.37
linear-kernel svm,,0.349047619047619,0.4866666666666667,0.49777777777777776,0.40738095238095234,0.4646825396825397,0.5599999999999999,0.3779365079365079,0.41238095238095235,0.43809523809523804,0.325,0.4532467532467532,0.4818253968253969,0.36142857142857143,0.37214285714285716
RBF-kernel svm,,0.3833333333333333,0.4523809523809524,0.5476190476190477,0.3333333333333333,0.4412698412698413,0.5301587301587302,0.3790476190476191,0.3823809523809524,0.5407142857142857,0.39904761904761904,0.37238095238095237,0.5990476190476189,0.34904761904761905,0.34904761904761905
RBF-kernel GPR,,0.3547619047619047,0.47662337662337667,0.42380952380952375,0.3547619047619047,0.4842424242424242,0.39047619047619053,0.3595238095238095,0.34142857142857147,0.3923809523809524,0.3785714285714286,0.34142857142857147,0.4066666666666666,0.4121428571428571,0.4121428571428571
matern-kernel GPR,,0.3223809523809523,0.48268398268398266,0.45809523809523806,0.29238095238095235,0.48268398268398266,0.4247619047619048,0.2571428571428571,0.33238095238095233,0.4177777777777778,0.2571428571428571,0.3123809523809523,0.4177777777777778,0.3395238095238095,0.3395238095238095
