,gene,TG,Cer,DG,gene_TG,gene_Cer,gene_DG,TG_Cer,TG_DG,DG_Cer,gene_TG_Cer,gene_TG_DG,gene_DG_Cer,TG_Cer_DG,gene_TG_Cer_DG
logistic reg,,0.35277777777777775,0.35454545454545455,0.4716666666666667,0.3583333333333333,0.35454545454545455,0.485,0.3666666666666667,0.4488311688311688,0.4404761904761904,0.33333333333333337,0.4488311688311688,0.4428571428571429,0.3314285714285714,0.3314285714285714
logistic reg-lasso,,0.3433333333333333,0.3885714285714285,0.5095238095238095,0.34888888888888886,0.3885714285714285,0.485,0.35492063492063497,0.4154978354978355,0.46428571428571425,0.35492063492063497,0.4043867243867244,0.4709523809523809,0.34214285714285714,0.34214285714285714
linear-kernel svm,,0.4184415584415584,0.44523809523809527,0.47714285714285715,0.3933333333333333,0.45573593073593066,0.575,0.3533333333333334,0.5742857142857143,0.4916666666666666,0.37,0.5288888888888889,0.43666666666666665,0.31833333333333336,0.31833333333333336
RBF-kernel svm,0.6666666666666666,0.4966666666666666,0.5555555555555556,0.5088888888888888,0.44349206349206344,0.5777777777777777,0.47555555555555556,0.4883333333333333,0.46904761904761905,0.575,0.4883333333333333,0.4583333333333333,0.575,0.4927777777777778,0.4927777777777778
RBF-kernel GPR,0.7,0.40515873015873016,0.511904761904762,0.4309523809523809,0.41944444444444445,0.523015873015873,0.41666666666666663,0.41500000000000004,0.44571428571428573,0.47727272727272724,0.41500000000000004,0.44571428571428573,0.4737662337662337,0.40883116883116877,0.40883116883116877
matern-kernel GPR,,0.4247619047619048,0.5656565656565656,0.39999999999999997,0.4247619047619048,0.5656565656565656,0.4111111111111111,0.40499999999999997,0.46349206349206346,0.5211111111111111,0.40499999999999997,0.46349206349206346,0.5211111111111111,0.3987301587301587,0.3987301587301587
