,gene,TG,Cer,DG,gene_TG,gene_Cer,gene_DG,TG_Cer,TG_DG,DG_Cer,gene_TG_Cer,gene_TG_DG,gene_DG_Cer,TG_Cer_DG,gene_TG_Cer_DG
logistic reg,0.7142857142857143,0.4188888888888889,0.46025641025641023,0.5412121212121213,0.41343434343434343,0.4366666666666667,0.5412121212121213,0.30978354978354977,0.42000000000000004,0.4833333333333334,0.30978354978354977,0.4,0.4833333333333334,0.31666666666666665,0.31666666666666665
logistic reg-lasso,0.7142857142857143,0.39454545454545453,0.45,0.5412121212121213,0.39454545454545453,0.4366666666666667,0.5412121212121213,0.4395454545454546,0.3478787878787879,0.5083333333333334,0.4395454545454546,0.3478787878787879,0.5083333333333334,0.36190476190476184,0.36190476190476184
linear-kernel svm,0.7142857142857143,0.4488888888888889,0.4666666666666666,0.5477272727272727,0.47000000000000003,0.4482051282051282,0.6075757575757575,0.27454545454545454,0.3933333333333333,0.49120879120879124,0.32025974025974024,0.4416883116883117,0.5176190476190476,0.3676190476190476,0.38
RBF-kernel svm,0.6642857142857144,0.41731601731601736,,0.5628787878787879,0.41731601731601736,,0.5198717948717949,0.43982905982905984,0.4766666666666667,0.5016666666666667,0.43982905982905984,0.4766666666666667,0.5216666666666667,0.47316239316239317,0.47316239316239317
RBF-kernel GPR,0.7142857142857143,0.4366666666666667,0.4329365079365079,0.37676767676767675,0.5,0.44722222222222224,0.39676767676767677,0.48428571428571426,,0.482012987012987,0.4878571428571428,,0.482012987012987,0.44571428571428573,0.44571428571428573
matern-kernel GPR,0.7142857142857143,,0.4287373737373737,0.3634343434343434,,0.42516594516594514,0.39676767676767677,0.4322222222222222,,0.49383116883116884,0.4322222222222222,,0.49383116883116884,0.44642857142857145,0.4416666666666667
