,gene,TG,Cer,DG,gene_TG,gene_Cer,gene_DG,TG_Cer,TG_DG,DG_Cer,gene_TG_Cer,gene_TG_DG,gene_DG_Cer,TG_Cer_DG,gene_TG_Cer_DG
logistic reg,0.9,0.43999999999999995,0.524047619047619,0.5178571428571429,0.43999999999999995,0.5307142857142857,0.5416666666666667,0.4223809523809524,0.4006349206349206,0.4855555555555555,0.4223809523809524,0.39349206349206345,0.4966666666666667,0.4607142857142857,0.475
logistic reg-lasso,0.9,0.45111111111111113,0.5333333333333333,0.5105555555555557,0.4377777777777778,0.5329365079365078,0.5416666666666667,0.41904761904761906,0.36571428571428577,0.5022222222222222,0.41904761904761906,0.39111111111111113,0.5222222222222223,0.42833333333333334,0.42833333333333334
linear-kernel svm,0.9,0.39111111111111113,0.5133333333333333,0.5267460317460317,0.37682539682539684,0.6078571428571429,0.5388888888888889,0.44238095238095243,0.399047619047619,0.485,0.4173809523809524,0.46428571428571425,0.5576623376623376,0.4338888888888889,0.41166666666666674
RBF-kernel svm,0.75,0.45904761904761904,0.6990476190476189,0.544047619047619,0.45904761904761904,0.7085714285714285,0.5147619047619048,0.4333333333333333,0.475,0.5678571428571428,0.43999999999999995,0.46499999999999997,0.5345238095238095,0.42777777777777776,0.42777777777777776
RBF-kernel GPR,0.9,0.4311111111111111,0.49448051948051946,0.3961111111111111,0.4311111111111111,0.49448051948051946,0.38166666666666665,0.4211111111111111,0.48,0.45888888888888885,0.4453968253968254,0.48,0.5144444444444444,0.48717171717171726,0.47444444444444445
matern-kernel GPR,0.9,0.4183333333333333,0.5535714285714286,0.41277777777777774,0.4183333333333333,0.5773809523809523,0.39166666666666666,0.4966666666666667,0.48126984126984124,0.46944444444444444,0.4966666666666667,0.48126984126984124,0.5111111111111111,0.4723809523809524,0.5023809523809524
