,gene,Cer,Acy,Sph,gene_Cer,gene_Acy,gene_Sph,Acy_Cer,Sph_Cer,Sph_Acy,gene_Acy_Cer,gene_Sph_Cer,gene_Sph_Acy,Cer_Acy_Sph,gene_Cer_Acy_Sph
logistic reg,0.6864532019704433,0.6795566502463054,0.6864532019704433,0.6864532019704433,0.6795566502463053,0.6864532019704433,0.6864532019704433,0.6795566502463054,0.6795566502463054,0.6864532019704433,0.6864532019704433,0.6795566502463053,0.6864532019704433,0.6795566502463054,0.6933497536945812
logistic reg-lasso,0.6864532019704433,0.6795566502463054,0.6864532019704433,0.6864532019704433,0.6657635467980295,0.6864532019704433,0.6864532019704433,0.6795566502463054,0.6795566502463054,0.6864532019704433,0.6795566502463053,0.6726600985221675,0.6864532019704433,0.6795566502463054,0.6795566502463053
linear-kernel svm,0.6864532019704433,0.6524630541871921,0.6795566502463053,0.6864532019704433,0.6386699507389163,0.6800492610837439,0.6864532019704433,0.701231527093596,0.6458128078817734,0.6450738916256158,0.6940886699507389,0.6394088669950739,0.6381773399014777,0.7017241379310345,0.6527093596059113
RBF-kernel svm,0.6864532019704433,0.6795566502463054,0.6864532019704433,0.6933497536945813,0.6795566502463054,0.6864532019704433,0.6588669950738917,0.6795566502463054,0.6795566502463054,0.6864532019704433,0.6795566502463054,0.6795566502463054,0.6864532019704433,0.6795566502463054,0.6795566502463054
RBF-kernel GPR,0.6864532019704433,0.6864532019704433,0.6864532019704433,0.6864532019704433,0.6864532019704433,0.6864532019704433,0.6864532019704433,0.6864532019704433,0.6864532019704433,0.6864532019704433,0.6864532019704433,0.6864532019704433,0.6864532019704433,0.6864532019704433,0.6864532019704433
matern-kernel GPR,0.6864532019704433,0.6864532019704433,0.6864532019704433,0.6864532019704433,0.6864532019704433,0.6864532019704433,0.6864532019704433,0.6864532019704433,0.6864532019704433,0.6864532019704433,0.6864532019704433,0.6864532019704433,0.6864532019704433,0.6864532019704433,0.6864532019704433
