,gene,Cer,Acy,Sph,gene_Cer,gene_Acy,gene_Sph,Acy_Cer,Sph_Cer,Sph_Acy,gene_Acy_Cer,gene_Sph_Cer,gene_Sph_Acy,Cer_Acy_Sph,gene_Cer_Acy_Sph
logistic reg,0.687192118226601,0.5908866995073891,0.6248768472906404,0.687192118226601,0.6253694581280789,0.6184729064039409,0.6665024630541871,0.562807881773399,0.5908866995073891,0.6110837438423645,0.5901477832512315,0.6046798029556651,0.6322660098522167,0.5694581280788178,0.5623152709359605
logistic reg-lasso,0.687192118226601,0.5908866995073891,0.6320197044334975,0.687192118226601,0.611576354679803,0.6253694581280789,0.6665024630541871,0.5556650246305418,0.5768472906403941,0.6182266009852216,0.5834975369458129,0.5908866995073891,0.6322660098522167,0.5832512315270936,0.5761083743842363
linear-kernel svm,0.687192118226601,0.5280788177339902,0.6044334975369459,0.687192118226601,0.5699507389162561,0.6251231527093596,0.687192118226601,0.5485221674876847,0.5347290640394089,0.5699507389162561,0.548768472906404,0.5216748768472906,0.6046798029556651,0.5137931034482759,0.5002463054187192
RBF-kernel svm,0.687192118226601,0.687192118226601,0.6527093596059113,0.680295566502463,0.687192118226601,0.6458128078817734,0.6463054187192119,0.687192118226601,0.680295566502463,0.7083743842364532,0.687192118226601,0.687192118226601,0.7152709359605911,0.680295566502463,0.687192118226601
RBF-kernel GPR,0.687192118226601,0.6527093596059113,0.6527093596059113,0.687192118226601,0.687192118226601,0.6527093596059113,0.687192118226601,0.569704433497537,0.687192118226601,0.6736453201970443,0.5768472906403941,0.687192118226601,0.6667487684729064,0.6386699507389163,0.65935960591133
matern-kernel GPR,0.687192118226601,0.687192118226601,0.6458128078817734,0.687192118226601,0.687192118226601,0.6596059113300493,0.6733990147783251,0.6596059113300492,0.687192118226601,0.6943349753694582,0.6665024630541871,0.687192118226601,0.6874384236453203,0.687192118226601,0.687192118226601
