,gene,Cer,Acy,Sph,gene_Cer,gene_Acy,gene_Sph,Acy_Cer,Sph_Cer,Sph_Acy,gene_Acy_Cer,gene_Sph_Cer,gene_Sph_Acy,Cer_Acy_Sph,gene_Cer_Acy_Sph
logistic reg,0.6864532019704433,0.5977832512315271,0.6448275862068966,0.6726600985221675,0.6120689655172413,0.6381773399014777,0.6657635467980295,0.5975369458128079,0.5490147783251232,0.6241379310344828,0.625615763546798,0.5842364532019705,0.6310344827586207,0.569704433497537,0.6044334975369459
logistic reg-lasso,0.6864532019704433,0.5908866995073891,0.6376847290640395,0.6864532019704433,0.6051724137931035,0.6381773399014777,0.6657635467980295,0.5903940886699508,0.5561576354679804,0.6241379310344828,0.6184729064039409,0.5842364532019705,0.6241379310344828,0.562807881773399,0.6184729064039409
linear-kernel svm,0.6864532019704433,0.5073891625615763,0.6169950738916257,0.6864532019704433,0.5635467980295567,0.6524630541871921,0.6864532019704433,0.5280788177339902,0.5071428571428571,0.6379310344827587,0.5699507389162561,0.5768472906403941,0.596551724137931,0.5349753694581281,0.5699507389162561
RBF-kernel svm,0.6864532019704433,0.6795566502463054,0.6719211822660098,0.6588669950738917,0.6795566502463054,0.6650246305418719,0.6381773399014777,0.6864532019704433,0.6795566502463054,0.741871921182266,0.6864532019704433,0.6795566502463054,0.7416256157635468,0.6864532019704433,0.6864532019704433
RBF-kernel GPR,0.6864532019704433,0.6657635467980295,0.6864532019704433,0.6726600985221675,0.6588669950738917,0.6864532019704433,0.6657635467980295,0.638423645320197,0.6864532019704433,0.6864532019704433,0.6315270935960591,0.6864532019704433,0.6933497536945812,0.6933497536945812,0.7007389162561577
matern-kernel GPR,0.6864532019704433,0.6657635467980295,0.6864532019704433,0.6726600985221675,0.6864532019704433,0.6864532019704433,0.6726600985221675,0.6657635467980295,0.6864532019704433,0.7071428571428571,0.6726600985221675,0.6864532019704433,0.6933497536945812,0.6864532019704433,0.6864532019704433
