,gene,Cer,Acy,Sph,gene_Cer,gene_Acy,gene_Sph,Acy_Cer,Sph_Cer,Sph_Acy,gene_Acy_Cer,gene_Sph_Cer,gene_Sph_Acy,Cer_Acy_Sph,gene_Cer_Acy_Sph
logistic reg,0.6871921182266009,0.5753694581280788,0.6317733990147782,0.6871921182266009,0.6320197044334975,0.6179802955665025,0.687192118226601,0.6036945812807881,0.5825123152709359,0.6041871921182266,0.6177339901477833,0.5906403940886699,0.6179802955665024,0.5761083743842365,0.6105911330049261
logistic reg-lasso,0.6871921182266009,0.5960591133004925,0.6317733990147782,0.6871921182266009,0.6317733990147782,0.6179802955665025,0.687192118226601,0.5967980295566503,0.5827586206896551,0.6179802955665025,0.6177339901477833,0.6110837438423645,0.6041871921182266,0.5830049261083744,0.6036945812807881
linear-kernel svm,0.6871921182266009,0.5411330049261084,0.562807881773399,0.6871921182266009,0.5620689655172415,0.6386699507389163,0.6871921182266009,0.5475369458128079,0.5406403940886699,0.5972906403940887,0.5692118226600986,0.5482758620689655,0.5832512315270936,0.5687192118226602,0.5761083743842365
RBF-kernel svm,0.6871921182266009,0.680295566502463,0.6733990147783251,0.6665024630541871,0.680295566502463,0.6665024630541871,0.6532019704433497,0.680295566502463,0.680295566502463,0.7150246305418719,0.680295566502463,0.680295566502463,0.7359605911330049,0.680295566502463,0.680295566502463
RBF-kernel GPR,0.6871921182266009,0.6665024630541871,0.6871921182266009,0.6733990147783251,0.680295566502463,0.6871921182266009,0.6871921182266009,0.5834975369458129,0.6871921182266009,0.7009852216748769,0.5768472906403941,0.6871921182266009,0.6871921182266009,0.6455665024630541,0.680295566502463
matern-kernel GPR,0.6871921182266009,0.6871921182266009,0.680295566502463,0.6733990147783251,0.6871921182266009,0.6871921182266009,0.6871921182266009,0.6871921182266009,0.6871921182266009,0.7078817733990148,0.6871921182266009,0.6871921182266009,0.6940886699507389,0.6871921182266009,0.6871921182266009
