,gene,Cer,Acy,Sph,gene_Cer,gene_Acy,gene_Sph,Acy_Cer,Sph_Cer,Sph_Acy,gene_Acy_Cer,gene_Sph_Cer,gene_Sph_Acy,Cer_Acy_Sph,gene_Cer_Acy_Sph
logistic reg,0.687192118226601,0.5837438423645319,0.6110837438423645,0.687192118226601,0.6463054187192119,0.6386699507389163,0.680295566502463,0.6046798029556651,0.5630541871921182,0.5972906403940887,0.6253694581280789,0.6046798029556649,0.6113300492610837,0.5908866995073891,0.5839901477832512
logistic reg-lasso,0.687192118226601,0.5975369458128078,0.6110837438423645,0.687192118226601,0.6394088669950739,0.6386699507389163,0.680295566502463,0.5977832512315271,0.5699507389162561,0.5972906403940887,0.6391625615763548,0.6118226600985222,0.6320197044334975,0.5839901477832512,0.5839901477832512
linear-kernel svm,0.687192118226601,0.5492610837438423,0.6246305418719211,0.687192118226601,0.569704433497537,0.6460591133004925,0.687192118226601,0.5147783251231527,0.5561576354679804,0.569704433497537,0.5492610837438423,0.5423645320197045,0.6110837438423646,0.5357142857142858,0.5704433497536947
RBF-kernel svm,0.687192118226601,0.687192118226601,0.6389162561576355,0.6733990147783252,0.687192118226601,0.687192118226601,0.694334975369458,0.680295566502463,0.687192118226601,0.722167487684729,0.6733990147783252,0.687192118226601,0.722167487684729,0.6733990147783252,0.6733990147783252
RBF-kernel GPR,0.687192118226601,0.7009852216748769,0.687192118226601,0.6733990147783252,0.687192118226601,0.6733990147783252,0.687192118226601,0.5960591133004927,0.687192118226601,0.687192118226601,0.6172413793103448,0.687192118226601,0.6733990147783252,0.6448275862068966,0.6729064039408866
matern-kernel GPR,0.687192118226601,0.687192118226601,0.687192118226601,0.687192118226601,0.687192118226601,0.687192118226601,0.687192118226601,0.644334975369458,0.687192118226601,0.7009852216748768,0.6586206896551724,0.687192118226601,0.6940886699507389,0.687192118226601,0.687192118226601
