,gene,Cer,Acy,Sph,gene_Cer,gene_Acy,gene_Sph,Acy_Cer,Sph_Cer,Sph_Acy,gene_Acy_Cer,gene_Sph_Cer,gene_Sph_Acy,Cer_Acy_Sph,gene_Cer_Acy_Sph
logistic reg,0.687192118226601,0.6940886699507389,0.687192118226601,0.687192118226601,0.687192118226601,0.687192118226601,0.687192118226601,0.6940886699507389,0.6940886699507389,0.687192118226601,0.687192118226601,0.687192118226601,0.687192118226601,0.6940886699507389,0.687192118226601
logistic reg-lasso,0.687192118226601,0.6940886699507389,0.687192118226601,0.687192118226601,0.6943349753694582,0.687192118226601,0.687192118226601,0.6940886699507389,0.6940886699507389,0.687192118226601,0.6943349753694582,0.6943349753694582,0.687192118226601,0.6940886699507389,0.6943349753694582
linear-kernel svm,0.687192118226601,0.6667487684729064,0.6458128078817734,0.687192118226601,0.7290640394088671,0.6603448275862068,0.687192118226601,0.666256157635468,0.632512315270936,0.6044334975369459,0.6660098522167488,0.6736453201970443,0.6605911330049261,0.7009852216748769,0.6588669950738916
RBF-kernel svm,0.687192118226601,0.6940886699507389,0.687192118226601,0.7009852216748768,0.6869458128078818,0.6733990147783252,0.6527093596059113,0.687192118226601,0.6940886699507389,0.687192118226601,0.6869458128078818,0.6869458128078818,0.6458128078817734,0.687192118226601,0.6940886699507389
RBF-kernel GPR,0.687192118226601,0.687192118226601,0.687192118226601,0.687192118226601,0.687192118226601,0.687192118226601,0.687192118226601,0.687192118226601,0.687192118226601,0.687192118226601,0.687192118226601,0.687192118226601,0.687192118226601,0.687192118226601,0.687192118226601
matern-kernel GPR,0.687192118226601,0.687192118226601,0.687192118226601,0.687192118226601,0.687192118226601,0.687192118226601,0.687192118226601,0.687192118226601,0.687192118226601,0.687192118226601,0.687192118226601,0.687192118226601,0.687192118226601,0.687192118226601,0.687192118226601
