,gene,Cer,Acy,Sph,gene_Cer,gene_Acy,gene_Sph,Acy_Cer,Sph_Cer,Sph_Acy,gene_Acy_Cer,gene_Sph_Cer,gene_Sph_Acy,Cer_Acy_Sph,gene_Cer_Acy_Sph
logistic reg,0.6871921182266009,0.680295566502463,0.6871921182266009,0.6871921182266009,0.680295566502463,0.6871921182266009,0.6871921182266009,0.680295566502463,0.680295566502463,0.6871921182266009,0.687192118226601,0.680295566502463,0.6871921182266009,0.680295566502463,0.687192118226601
logistic reg-lasso,0.6871921182266009,0.680295566502463,0.6871921182266009,0.6871921182266009,0.680295566502463,0.6871921182266009,0.6871921182266009,0.680295566502463,0.680295566502463,0.6871921182266009,0.687192118226601,0.680295566502463,0.6871921182266009,0.680295566502463,0.687192118226601
linear-kernel svm,0.6871921182266009,0.6105911330049261,0.6665024630541871,0.6871921182266009,0.6179802955665025,0.6251231527093596,0.6871921182266009,0.6184729064039409,0.666256157635468,0.6320197044334975,0.6536945812807881,0.6113300492610837,0.5837438423645319,0.6532019704433498,0.5842364532019705
RBF-kernel svm,0.6871921182266009,0.6800492610837438,0.6871921182266009,0.6733990147783251,0.6731527093596059,0.680295566502463,0.6458128078817734,0.6800492610837438,0.6800492610837438,0.680295566502463,0.6800492610837438,0.6731527093596059,0.6527093596059113,0.6871921182266009,0.6871921182266009
RBF-kernel GPR,0.6871921182266009,0.6871921182266009,0.6871921182266009,0.6871921182266009,0.6940886699507389,0.6871921182266009,0.6871921182266009,0.6871921182266009,0.6871921182266009,0.6871921182266009,0.6940886699507389,0.6940886699507389,0.6871921182266009,0.6871921182266009,0.6940886699507389
matern-kernel GPR,0.6871921182266009,0.6871921182266009,0.6871921182266009,0.6871921182266009,0.6871921182266009,0.6871921182266009,0.6871921182266009,0.6871921182266009,0.6871921182266009,0.6871921182266009,0.6871921182266009,0.6871921182266009,0.6871921182266009,0.6871921182266009,0.6871921182266009
